collection [http://www.w3.org/2004/02/skos/core#definition];name [http://www.w3.org/2004/02/skos/core#narrower];definition [Entity];description [http://www.w3.org/2004/02/skos/core#broader];http://www.w3.org/2004/02/skos/core#prefLabel;http://www.w3.org/2004/02/skos/core#note
'http://w3id.org/glosis/model/procedure/pSAProcedure';'beaker-disp';http://w3id.org/glosis/model/procedure/pSAProcedure-beaker-disp;'Particle size analysis with beaker method with appropriate dispersion of the primary particles and pretreatment to remove cementing particles (organic matter, carbonates)';"'Leenaars J.G.B., A.J.M. van Oostrum and M. Ruiperez Gonzalez, 2014. Africa Soil Profiles Database, Version 1.2. A compilation of georeferenced and standardised legacy soil profile data for Sub-Saharan Africa (with dataset). ISRIC Report 2014/01. Africa Soil Information Service (AfSIS) project and ISRIC - World Soil Information, Wageningen, the Netherlands. See Annex 4.'	'https://www.isric.org/sites/default/files/isric_report_2014_01.pdf'";'beaker-dispersion'
'http://w3id.org/glosis/model/procedure/pSAProcedure';'beaker-disp-spec';http://w3id.org/glosis/model/procedure/pSAProcedure-beaker-disp-spec;'Spectrally predicted based on measurments with the beaker method with appropriate dispersion of the primary particles and pretreatment to remove cementing particles (organic matter, carbonates)';"'https://www.isric.org/sites/default/files/isric_report_2014_01.pdf'	'Leenaars J.G.B., A.J.M. van Oostrum and M. Ruiperez Gonzalez, 2014. Africa Soil Profiles Database, Version 1.2. A compilation of georeferenced and standardised legacy soil profile data for Sub-Saharan Africa (with dataset). ISRIC Report 2014/01. Africa Soil Information Service (AfSIS) project and ISRIC - World Soil Information, Wageningen, the Netherlands. See Annex 4.'";'beaker-dispersion-spectral'
'http://w3id.org/glosis/model/procedure/pSAProcedure';'beaker-nodisp';http://w3id.org/glosis/model/procedure/pSAProcedure-beaker-nodisp;'Particle size analysis with beaker method with no dispersion of the primary particlesand pretreatment to remove cementing particles (organic matter, carbonates)';"'Leenaars J.G.B., A.J.M. van Oostrum and M. Ruiperez Gonzalez, 2014. Africa Soil Profiles Database, Version 1.2. A compilation of georeferenced and standardised legacy soil profile data for Sub-Saharan Africa (with dataset). ISRIC Report 2014/01. Africa Soil Information Service (AfSIS) project and ISRIC - World Soil Information, Wageningen, the Netherlands. See Annex 4.'	'https://www.isric.org/sites/default/files/isric_report_2014_01.pdf'";'beaker-no_dispersion'
'http://w3id.org/glosis/model/procedure/pSAProcedure';'beaker-nodisp-spec';http://w3id.org/glosis/model/procedure/pSAProcedure-beaker-nodisp-spec;'Spectrally predicted based on measurments with the beaker method with no dispersion of the primary particles and pretreatment to remove cementing particles (organic matter, carbonates)';"'Leenaars J.G.B., A.J.M. van Oostrum and M. Ruiperez Gonzalez, 2014. Africa Soil Profiles Database, Version 1.2. A compilation of georeferenced and standardised legacy soil profile data for Sub-Saharan Africa (with dataset). ISRIC Report 2014/01. Africa Soil Information Service (AfSIS) project and ISRIC - World Soil Information, Wageningen, the Netherlands. See Annex 4.'	'https://www.isric.org/sites/default/files/isric_report_2014_01.pdf'";'beaker-no_dispersion-spectral'
'http://w3id.org/glosis/model/procedure/pSAProcedure';'beaker-unkdisp';http://w3id.org/glosis/model/procedure/pSAProcedure-beaker-unkdisp;'Particle size analysis with beaker method unknown dispersion of the primary particles and pretreatment to remove cementing particles (organic matter, carbonates)';"'https://www.isric.org/sites/default/files/isric_report_2014_01.pdf'	'Leenaars J.G.B., A.J.M. van Oostrum and M. Ruiperez Gonzalez, 2014. Africa Soil Profiles Database, Version 1.2. A compilation of georeferenced and standardised legacy soil profile data for Sub-Saharan Africa (with dataset). ISRIC Report 2014/01. Africa Soil Information Service (AfSIS) project and ISRIC - World Soil Information, Wageningen, the Netherlands. See Annex 4.'";'beaker-unknown_dispersion'
'http://w3id.org/glosis/model/procedure/pSAProcedure';'beaker-unkdisp-spec';http://w3id.org/glosis/model/procedure/pSAProcedure-beaker-unkdisp-spec;'Spectrally predicted based on measurments with the beaker method unknown dispersion of the primary particles and pretreatment to remove cementing particles (organic matter, carbonates)';"'Leenaars J.G.B., A.J.M. van Oostrum and M. Ruiperez Gonzalez, 2014. Africa Soil Profiles Database, Version 1.2. A compilation of georeferenced and standardised legacy soil profile data for Sub-Saharan Africa (with dataset). ISRIC Report 2014/01. Africa Soil Information Service (AfSIS) project and ISRIC - World Soil Information, Wageningen, the Netherlands. See Annex 4.'	'https://www.isric.org/sites/default/files/isric_report_2014_01.pdf'";'beaker-unknown_dispersion-spectral'
'http://w3id.org/glosis/model/procedure/bulkDensityFineEarthProcedure';'BlkDensF_fe-cl-fc';http://w3id.org/glosis/model/procedure/bulkDensityFineEarthProcedure-BlkDensF_fe-cl-fc;'Fine earth. Clod samples (natural clods or reconstituted from < 2mm sample), at field capacity (0.33 bar, 33 kPa, 330 cm, pF 2.5), corrected for coarse fragments if any';"'Leenaars J.G.B., A.J.M. van Oostrum and M. Ruiperez Gonzalez, 2014. Africa Soil Profiles Database, Version 1.2. A compilation of georeferenced and standardised legacy soil profile data for Sub-Saharan Africa (with dataset). ISRIC Report 2014/01. Africa Soil Information Service (AfSIS) project and ISRIC - World Soil Information, Wageningen, the Netherlands. See Annex 4.'	'https://www.isric.org/sites/default/files/isric_report_2014_01.pdf'";'BlkDensF_fe-cl-fc'
'http://w3id.org/glosis/model/procedure/bulkDensityFineEarthProcedure';'BlkDensF_fe-cl-od';http://w3id.org/glosis/model/procedure/bulkDensityFineEarthProcedure-BlkDensF_fe-cl-od;'Fine earth. Clod samples (natural clods or reconstituted from < 2mm sample), at oven dry, corrected for coarse fragments if any';"'https://www.isric.org/sites/default/files/isric_report_2014_01.pdf'	'Leenaars J.G.B., A.J.M. van Oostrum and M. Ruiperez Gonzalez, 2014. Africa Soil Profiles Database, Version 1.2. A compilation of georeferenced and standardised legacy soil profile data for Sub-Saharan Africa (with dataset). ISRIC Report 2014/01. Africa Soil Information Service (AfSIS) project and ISRIC - World Soil Information, Wageningen, the Netherlands. See Annex 4.'";'BlkDensF_fe-cl-od'
'http://w3id.org/glosis/model/procedure/bulkDensityFineEarthProcedure';'BlkDensF_fe-cl-unkn';http://w3id.org/glosis/model/procedure/bulkDensityFineEarthProcedure-BlkDensF_fe-cl-unkn;'Fine earth. Clod samples (natural clods or reconstituted from < 2mm sample), at unknown humidity, corrected for coarse fragments if any';"'Leenaars J.G.B., A.J.M. van Oostrum and M. Ruiperez Gonzalez, 2014. Africa Soil Profiles Database, Version 1.2. A compilation of georeferenced and standardised legacy soil profile data for Sub-Saharan Africa (with dataset). ISRIC Report 2014/01. Africa Soil Information Service (AfSIS) project and ISRIC - World Soil Information, Wageningen, the Netherlands. See Annex 4.'	'https://www.isric.org/sites/default/files/isric_report_2014_01.pdf'";'BlkDensF_fe-cl-unk'
'http://w3id.org/glosis/model/procedure/bulkDensityFineEarthProcedure';'BlkDensF_fe-co-fc';http://w3id.org/glosis/model/procedure/bulkDensityFineEarthProcedure-BlkDensF_fe-co-fc;'Fine earth. Core sampling (pF rings), at field capacity (0.33 bar, 33 kPa, 336 cm, pF 2.5), corrected for coarse fragments if any';"'Leenaars J.G.B., A.J.M. van Oostrum and M. Ruiperez Gonzalez, 2014. Africa Soil Profiles Database, Version 1.2. A compilation of georeferenced and standardised legacy soil profile data for Sub-Saharan Africa (with dataset). ISRIC Report 2014/01. Africa Soil Information Service (AfSIS) project and ISRIC - World Soil Information, Wageningen, the Netherlands. See Annex 4.'	'https://www.isric.org/sites/default/files/isric_report_2014_01.pdf'";'BlkDensF_fe-co-fc'
'http://w3id.org/glosis/model/procedure/bulkDensityFineEarthProcedure';'BlkDensF_fe-co-od';http://w3id.org/glosis/model/procedure/bulkDensityFineEarthProcedure-BlkDensF_fe-co-od;'Fine earth. Core sampling (pF rings), at oven dry, corrected for coarse fragments if any';"'https://www.isric.org/sites/default/files/isric_report_2014_01.pdf'	'Leenaars J.G.B., A.J.M. van Oostrum and M. Ruiperez Gonzalez, 2014. Africa Soil Profiles Database, Version 1.2. A compilation of georeferenced and standardised legacy soil profile data for Sub-Saharan Africa (with dataset). ISRIC Report 2014/01. Africa Soil Information Service (AfSIS) project and ISRIC - World Soil Information, Wageningen, the Netherlands. See Annex 4.'";'BlkDensF_fe-co-od'
'http://w3id.org/glosis/model/procedure/bulkDensityFineEarthProcedure';'BlkDensF_fe-co-unkn';http://w3id.org/glosis/model/procedure/bulkDensityFineEarthProcedure-BlkDensF_fe-co-unkn;'Fine earth. Core sampling (pF rings), at unknown humidity, corrected for coarse fragments if any';"'Leenaars J.G.B., A.J.M. van Oostrum and M. Ruiperez Gonzalez, 2014. Africa Soil Profiles Database, Version 1.2. A compilation of georeferenced and standardised legacy soil profile data for Sub-Saharan Africa (with dataset). ISRIC Report 2014/01. Africa Soil Information Service (AfSIS) project and ISRIC - World Soil Information, Wageningen, the Netherlands. See Annex 4.'	'https://www.isric.org/sites/default/files/isric_report_2014_01.pdf'";'BlkDensF_fe-co-unk'
'http://w3id.org/glosis/model/procedure/bulkDensityFineEarthProcedure';'BlkDensF_fe-rpl-unkn';http://w3id.org/glosis/model/procedure/bulkDensityFineEarthProcedure-BlkDensF_fe-rpl-unkn;'Fine earth. Excavation and replacement (i.e. soils too fragile to remove a stable sample) e.g. by auger, at unknown humidity, corrected for coarse fragments if any';"'Leenaars J.G.B., A.J.M. van Oostrum and M. Ruiperez Gonzalez, 2014. Africa Soil Profiles Database, Version 1.2. A compilation of georeferenced and standardised legacy soil profile data for Sub-Saharan Africa (with dataset). ISRIC Report 2014/01. Africa Soil Information Service (AfSIS) project and ISRIC - World Soil Information, Wageningen, the Netherlands. See Annex 4.'	'https://www.isric.org/sites/default/files/isric_report_2014_01.pdf'";'BlkDensF_fe-rpl-unk'
'http://w3id.org/glosis/model/procedure/bulkDensityFineEarthProcedure';'BlkDensF_fe-unkn';http://w3id.org/glosis/model/procedure/bulkDensityFineEarthProcedure-BlkDensF_fe-unkn;'Fine earth. Type of sample unknown, at unknown humidity, corrected for coarse fragments if any';"'https://www.isric.org/sites/default/files/isric_report_2014_01.pdf'	'Leenaars J.G.B., A.J.M. van Oostrum and M. Ruiperez Gonzalez, 2014. Africa Soil Profiles Database, Version 1.2. A compilation of georeferenced and standardised legacy soil profile data for Sub-Saharan Africa (with dataset). ISRIC Report 2014/01. Africa Soil Information Service (AfSIS) project and ISRIC - World Soil Information, Wageningen, the Netherlands. See Annex 4.'";'BlkDensF_fe-unk'
'http://w3id.org/glosis/model/procedure/bulkDensityFineEarthProcedure';'BlkDensF_fe-unkn-fc';http://w3id.org/glosis/model/procedure/bulkDensityFineEarthProcedure-BlkDensF_fe-unkn-fc;'Fine earth. Type of sample unknown, at field capacity (0.33 bar, 33 kPa, 330 cm, pF 2.5), corrected for coarse fragments if any';"'Leenaars J.G.B., A.J.M. van Oostrum and M. Ruiperez Gonzalez, 2014. Africa Soil Profiles Database, Version 1.2. A compilation of georeferenced and standardised legacy soil profile data for Sub-Saharan Africa (with dataset). ISRIC Report 2014/01. Africa Soil Information Service (AfSIS) project and ISRIC - World Soil Information, Wageningen, the Netherlands. See Annex 4.'	'https://www.isric.org/sites/default/files/isric_report_2014_01.pdf'";'BlkDensF_fe-unkn-fc'
'http://w3id.org/glosis/model/procedure/bulkDensityFineEarthProcedure';'BlkDensF_fe-unkn-od';http://w3id.org/glosis/model/procedure/bulkDensityFineEarthProcedure-BlkDensF_fe-unkn-od;'Fine earth. Type of sample unknown, at oven dry, corrected for coarse fragments if any';"'Leenaars J.G.B., A.J.M. van Oostrum and M. Ruiperez Gonzalez, 2014. Africa Soil Profiles Database, Version 1.2. A compilation of georeferenced and standardised legacy soil profile data for Sub-Saharan Africa (with dataset). ISRIC Report 2014/01. Africa Soil Information Service (AfSIS) project and ISRIC - World Soil Information, Wageningen, the Netherlands. See Annex 4.'	'https://www.isric.org/sites/default/files/isric_report_2014_01.pdf'";'BlkDensF_fe-unkn-od'
'http://w3id.org/glosis/model/procedure/bulkDensityWholeSoilProcedure';'BlkDensW_we-cl-fc';http://w3id.org/glosis/model/procedure/bulkDensityWholeSoilProcedure-BlkDensW_we-cl-fc;'Whole earth. Clod samples (natural clods), at field capacity (0.33 bar, 33 kPa, 330 cm, pF 2.5), not corrected for coarse fragments if any';"'Leenaars J.G.B., A.J.M. van Oostrum and M. Ruiperez Gonzalez, 2014. Africa Soil Profiles Database, Version 1.2. A compilation of georeferenced and standardised legacy soil profile data for Sub-Saharan Africa (with dataset). ISRIC Report 2014/01. Africa Soil Information Service (AfSIS) project and ISRIC - World Soil Information, Wageningen, the Netherlands. See Annex 4.'	'https://www.isric.org/sites/default/files/isric_report_2014_01.pdf'";'BlkDensW_we-cl-fc'
'http://w3id.org/glosis/model/procedure/bulkDensityWholeSoilProcedure';'BlkDensW_we-cl-od';http://w3id.org/glosis/model/procedure/bulkDensityWholeSoilProcedure-BlkDensW_we-cl-od;'Whole earth. Clod samples (natural clods), at oven dry, not corrected for coarse fragments if any';"'https://www.isric.org/sites/default/files/isric_report_2014_01.pdf'	'Leenaars J.G.B., A.J.M. van Oostrum and M. Ruiperez Gonzalez, 2014. Africa Soil Profiles Database, Version 1.2. A compilation of georeferenced and standardised legacy soil profile data for Sub-Saharan Africa (with dataset). ISRIC Report 2014/01. Africa Soil Information Service (AfSIS) project and ISRIC - World Soil Information, Wageningen, the Netherlands. See Annex 4.'";'BlkDensW_we-cl-od'
'http://w3id.org/glosis/model/procedure/bulkDensityWholeSoilProcedure';'BlkDensW_we-cl-unkn';http://w3id.org/glosis/model/procedure/bulkDensityWholeSoilProcedure-BlkDensW_we-cl-unkn;'Whole earth. Clod samples (natural clods), at unknown humidity, not corrected for coarse fragments if any';"'https://www.isric.org/sites/default/files/isric_report_2014_01.pdf'	'Leenaars J.G.B., A.J.M. van Oostrum and M. Ruiperez Gonzalez, 2014. Africa Soil Profiles Database, Version 1.2. A compilation of georeferenced and standardised legacy soil profile data for Sub-Saharan Africa (with dataset). ISRIC Report 2014/01. Africa Soil Information Service (AfSIS) project and ISRIC - World Soil Information, Wageningen, the Netherlands. See Annex 4.'";'BlkDensW_we-cl-unk'
'http://w3id.org/glosis/model/procedure/bulkDensityWholeSoilProcedure';'BlkDensW_we-co-fc';http://w3id.org/glosis/model/procedure/bulkDensityWholeSoilProcedure-BlkDensW_we-co-fc;'Whole earth. Core sampling (pF rings), at field capacity (0.33 bar, 33 kPa, 336 cm, pF 2.5), not corrected for coarse fragments if any';"'Leenaars J.G.B., A.J.M. van Oostrum and M. Ruiperez Gonzalez, 2014. Africa Soil Profiles Database, Version 1.2. A compilation of georeferenced and standardised legacy soil profile data for Sub-Saharan Africa (with dataset). ISRIC Report 2014/01. Africa Soil Information Service (AfSIS) project and ISRIC - World Soil Information, Wageningen, the Netherlands. See Annex 4.'	'https://www.isric.org/sites/default/files/isric_report_2014_01.pdf'";'BlkDensW_we-co-fc'
'http://w3id.org/glosis/model/procedure/bulkDensityWholeSoilProcedure';'BlkDensW_we-co-od';http://w3id.org/glosis/model/procedure/bulkDensityWholeSoilProcedure-BlkDensW_we-co-od;'Whole earth. Core sampling (pF rings), at oven dry, not corrected for coarse fragments if any';"'https://www.isric.org/sites/default/files/isric_report_2014_01.pdf'	'Leenaars J.G.B., A.J.M. van Oostrum and M. Ruiperez Gonzalez, 2014. Africa Soil Profiles Database, Version 1.2. A compilation of georeferenced and standardised legacy soil profile data for Sub-Saharan Africa (with dataset). ISRIC Report 2014/01. Africa Soil Information Service (AfSIS) project and ISRIC - World Soil Information, Wageningen, the Netherlands. See Annex 4.'";'BlkDensW_we-co-od'
'http://w3id.org/glosis/model/procedure/bulkDensityWholeSoilProcedure';'BlkDensW_we-co-unkn';http://w3id.org/glosis/model/procedure/bulkDensityWholeSoilProcedure-BlkDensW_we-co-unkn;'Whole earth. Core sampling (pF rings), at unknown humidity, not corrected for coarse fragments if any';"'Leenaars J.G.B., A.J.M. van Oostrum and M. Ruiperez Gonzalez, 2014. Africa Soil Profiles Database, Version 1.2. A compilation of georeferenced and standardised legacy soil profile data for Sub-Saharan Africa (with dataset). ISRIC Report 2014/01. Africa Soil Information Service (AfSIS) project and ISRIC - World Soil Information, Wageningen, the Netherlands. See Annex 4.'	'https://www.isric.org/sites/default/files/isric_report_2014_01.pdf'";'BlkDensW_we-co-unk'
'http://w3id.org/glosis/model/procedure/bulkDensityWholeSoilProcedure';'BlkDensW_we-rpl-unkn';http://w3id.org/glosis/model/procedure/bulkDensityWholeSoilProcedure-BlkDensW_we-rpl-unkn;'Whole earth. Excavation and replacement (i.e. soils too fragile to remove a stable sample) e.g. by auger, at unknown humidity, not corrected for coarse fragments if any';"'https://www.isric.org/sites/default/files/isric_report_2014_01.pdf'	'Leenaars J.G.B., A.J.M. van Oostrum and M. Ruiperez Gonzalez, 2014. Africa Soil Profiles Database, Version 1.2. A compilation of georeferenced and standardised legacy soil profile data for Sub-Saharan Africa (with dataset). ISRIC Report 2014/01. Africa Soil Information Service (AfSIS) project and ISRIC - World Soil Information, Wageningen, the Netherlands. See Annex 4.'";'BlkDensW_we-rpl-unk'
'http://w3id.org/glosis/model/procedure/bulkDensityWholeSoilProcedure';'BlkDensW_we-unkn';http://w3id.org/glosis/model/procedure/bulkDensityWholeSoilProcedure-BlkDensW_we-unkn;'Whole earth. Type of sample unknown, at unknown humidity, not corrected for coarse fragments if any';"'https://www.isric.org/sites/default/files/isric_report_2014_01.pdf'	'Leenaars J.G.B., A.J.M. van Oostrum and M. Ruiperez Gonzalez, 2014. Africa Soil Profiles Database, Version 1.2. A compilation of georeferenced and standardised legacy soil profile data for Sub-Saharan Africa (with dataset). ISRIC Report 2014/01. Africa Soil Information Service (AfSIS) project and ISRIC - World Soil Information, Wageningen, the Netherlands. See Annex 4.'";'BlkDensW_we-unk'
'http://w3id.org/glosis/model/procedure/baseSaturationProcedure';'BSat_calcul-cec';http://w3id.org/glosis/model/procedure/baseSaturationProcedure-BSat_calcul-cec;'Sum of exchangeable bases (Ca++, Mg++, K+, Na+) as percentage of CEC (method specified with CEC and ExchBases)';"'Leenaars J.G.B., A.J.M. van Oostrum and M. Ruiperez Gonzalez, 2014. Africa Soil Profiles Database, Version 1.2. A compilation of georeferenced and standardised legacy soil profile data for Sub-Saharan Africa (with dataset). ISRIC Report 2014/01. Africa Soil Information Service (AfSIS) project and ISRIC - World Soil Information, Wageningen, the Netherlands. See Annex 4.'	'https://www.isric.org/sites/default/files/isric_report_2014_01.pdf'";'BSat_calcul-cec'
'http://w3id.org/glosis/model/procedure/baseSaturationProcedure';'BSat_calcul-ecec';http://w3id.org/glosis/model/procedure/baseSaturationProcedure-BSat_calcul-ecec;'Sum of exchangeable bases (Ca++, Mg++, K+, Na+) as percentage of EffCEC (method specified with EffCEC and ExchBases)';"'https://www.isric.org/sites/default/files/isric_report_2014_01.pdf'	'Leenaars J.G.B., A.J.M. van Oostrum and M. Ruiperez Gonzalez, 2014. Africa Soil Profiles Database, Version 1.2. A compilation of georeferenced and standardised legacy soil profile data for Sub-Saharan Africa (with dataset). ISRIC Report 2014/01. Africa Soil Information Service (AfSIS) project and ISRIC - World Soil Information, Wageningen, the Netherlands. See Annex 4.'";'BSat_calcul-ecec'
'http://w3id.org/glosis/model/procedure/totalCarbonateEquivalentProcedure';'CaCO3_acid-ch3cooh-dc';http://w3id.org/glosis/model/procedure/totalCarbonateEquivalentProcedure-CaCO3_acid-ch3cooh-dc;'Dissolution of carbonates by Acetic acid [CH3COOH], external heat (dry combustion)';"'https://www.isric.org/sites/default/files/isric_report_2014_01.pdf'	'Leenaars J.G.B., A.J.M. van Oostrum and M. Ruiperez Gonzalez, 2014. Africa Soil Profiles Database, Version 1.2. A compilation of georeferenced and standardised legacy soil profile data for Sub-Saharan Africa (with dataset). ISRIC Report 2014/01. Africa Soil Information Service (AfSIS) project and ISRIC - World Soil Information, Wageningen, the Netherlands. See Annex 4.'";'CaCO3_acid-ch3cooh-dc'
'http://w3id.org/glosis/model/procedure/totalCarbonateEquivalentProcedure';'CaCO3_acid-ch3cooh-nodc';http://w3id.org/glosis/model/procedure/totalCarbonateEquivalentProcedure-CaCO3_acid-ch3cooh-nodc;'Dissolution of carbonates by Acetic acid [CH3COOH], no external (no dry combustion)';"'Leenaars J.G.B., A.J.M. van Oostrum and M. Ruiperez Gonzalez, 2014. Africa Soil Profiles Database, Version 1.2. A compilation of georeferenced and standardised legacy soil profile data for Sub-Saharan Africa (with dataset). ISRIC Report 2014/01. Africa Soil Information Service (AfSIS) project and ISRIC - World Soil Information, Wageningen, the Netherlands. See Annex 4.'	'https://www.isric.org/sites/default/files/isric_report_2014_01.pdf'";'CaCO3_acid-ch3cooh-nodc'
'http://w3id.org/glosis/model/procedure/totalCarbonateEquivalentProcedure';'CaCO3_acid-ch3cooh-unkn';http://w3id.org/glosis/model/procedure/totalCarbonateEquivalentProcedure-CaCO3_acid-ch3cooh-unkn;'Dissolution of carbonates by Acetic acid [CH3COOH], external heat unknown';"'Leenaars J.G.B., A.J.M. van Oostrum and M. Ruiperez Gonzalez, 2014. Africa Soil Profiles Database, Version 1.2. A compilation of georeferenced and standardised legacy soil profile data for Sub-Saharan Africa (with dataset). ISRIC Report 2014/01. Africa Soil Information Service (AfSIS) project and ISRIC - World Soil Information, Wageningen, the Netherlands. See Annex 4.'	'https://www.isric.org/sites/default/files/isric_report_2014_01.pdf'";'CaCO3_acid-ch3cooh-unk'
'http://w3id.org/glosis/model/procedure/totalCarbonateEquivalentProcedure';'CaCO3_acid-dc';http://w3id.org/glosis/model/procedure/totalCarbonateEquivalentProcedure-CaCO3_acid-dc;'Dissolution of carbonates by acid, external heat (dry combustion)';"'https://www.isric.org/sites/default/files/isric_report_2014_01.pdf'	'Leenaars J.G.B., A.J.M. van Oostrum and M. Ruiperez Gonzalez, 2014. Africa Soil Profiles Database, Version 1.2. A compilation of georeferenced and standardised legacy soil profile data for Sub-Saharan Africa (with dataset). ISRIC Report 2014/01. Africa Soil Information Service (AfSIS) project and ISRIC - World Soil Information, Wageningen, the Netherlands. See Annex 4.'";'CaCO3_acid-dc'
'http://w3id.org/glosis/model/procedure/totalCarbonateEquivalentProcedure';'CaCO3_acid-h2so4-dc';http://w3id.org/glosis/model/procedure/totalCarbonateEquivalentProcedure-CaCO3_acid-h2so4-dc;'Dissolution of carbonates by Sulfuric acid [H2SO4], external heat (dry combustion)';"'https://www.isric.org/sites/default/files/isric_report_2014_01.pdf'	'Leenaars J.G.B., A.J.M. van Oostrum and M. Ruiperez Gonzalez, 2014. Africa Soil Profiles Database, Version 1.2. A compilation of georeferenced and standardised legacy soil profile data for Sub-Saharan Africa (with dataset). ISRIC Report 2014/01. Africa Soil Information Service (AfSIS) project and ISRIC - World Soil Information, Wageningen, the Netherlands. See Annex 4.'";'CaCO3_acid-h2so4-dc'
'http://w3id.org/glosis/model/procedure/totalCarbonateEquivalentProcedure';'CaCO3_acid-h2so4-nodc';http://w3id.org/glosis/model/procedure/totalCarbonateEquivalentProcedure-CaCO3_acid-h2so4-nodc;'Dissolution of carbonates by Sulfuric acid [H2SO4], no external (no dry combustion)';"'https://www.isric.org/sites/default/files/isric_report_2014_01.pdf'	'Leenaars J.G.B., A.J.M. van Oostrum and M. Ruiperez Gonzalez, 2014. Africa Soil Profiles Database, Version 1.2. A compilation of georeferenced and standardised legacy soil profile data for Sub-Saharan Africa (with dataset). ISRIC Report 2014/01. Africa Soil Information Service (AfSIS) project and ISRIC - World Soil Information, Wageningen, the Netherlands. See Annex 4.'";'CaCO3_acid-h2so4-nodc'
'http://w3id.org/glosis/model/procedure/totalCarbonateEquivalentProcedure';'CaCO3_acid-h2so4-unkn';http://w3id.org/glosis/model/procedure/totalCarbonateEquivalentProcedure-CaCO3_acid-h2so4-unkn;'Dissolution of carbonates by Sulfuric acid [H2SO4], external heat unknown';"'https://www.isric.org/sites/default/files/isric_report_2014_01.pdf'	'Leenaars J.G.B., A.J.M. van Oostrum and M. Ruiperez Gonzalez, 2014. Africa Soil Profiles Database, Version 1.2. A compilation of georeferenced and standardised legacy soil profile data for Sub-Saharan Africa (with dataset). ISRIC Report 2014/01. Africa Soil Information Service (AfSIS) project and ISRIC - World Soil Information, Wageningen, the Netherlands. See Annex 4.'";'CaCO3_acid-h2so4-unk'
'http://w3id.org/glosis/model/procedure/totalCarbonateEquivalentProcedure';'CaCO3_acid-h3po4-dc';http://w3id.org/glosis/model/procedure/totalCarbonateEquivalentProcedure-CaCO3_acid-h3po4-dc;'Dissolution of carbonates by Phosphoric acid [H3PO4], external heat (dry combustion)';"'Leenaars J.G.B., A.J.M. van Oostrum and M. Ruiperez Gonzalez, 2014. Africa Soil Profiles Database, Version 1.2. A compilation of georeferenced and standardised legacy soil profile data for Sub-Saharan Africa (with dataset). ISRIC Report 2014/01. Africa Soil Information Service (AfSIS) project and ISRIC - World Soil Information, Wageningen, the Netherlands. See Annex 4.'	'https://www.isric.org/sites/default/files/isric_report_2014_01.pdf'";'CaCO3_acid-h3po4-dc'
'http://w3id.org/glosis/model/procedure/totalCarbonateEquivalentProcedure';'CaCO3_acid-h3po4-nodc';http://w3id.org/glosis/model/procedure/totalCarbonateEquivalentProcedure-CaCO3_acid-h3po4-nodc;'Dissolution of carbonates by Phosphoric acid [H3PO4], no external (no dry combustion)';"'https://www.isric.org/sites/default/files/isric_report_2014_01.pdf'	'Leenaars J.G.B., A.J.M. van Oostrum and M. Ruiperez Gonzalez, 2014. Africa Soil Profiles Database, Version 1.2. A compilation of georeferenced and standardised legacy soil profile data for Sub-Saharan Africa (with dataset). ISRIC Report 2014/01. Africa Soil Information Service (AfSIS) project and ISRIC - World Soil Information, Wageningen, the Netherlands. See Annex 4.'";'CaCO3_acid-h3po4-nodc'
'http://w3id.org/glosis/model/procedure/totalCarbonateEquivalentProcedure';'CaCO3_acid-h3po4-unkn';http://w3id.org/glosis/model/procedure/totalCarbonateEquivalentProcedure-CaCO3_acid-h3po4-unkn;'Dissolution of carbonates by Phosphoric acid [H3PO4], external heat unknown';"'https://www.isric.org/sites/default/files/isric_report_2014_01.pdf'	'Leenaars J.G.B., A.J.M. van Oostrum and M. Ruiperez Gonzalez, 2014. Africa Soil Profiles Database, Version 1.2. A compilation of georeferenced and standardised legacy soil profile data for Sub-Saharan Africa (with dataset). ISRIC Report 2014/01. Africa Soil Information Service (AfSIS) project and ISRIC - World Soil Information, Wageningen, the Netherlands. See Annex 4.'";'CaCO3_acid-h3po4-unk'
'http://w3id.org/glosis/model/procedure/totalCarbonateEquivalentProcedure';'CaCO3_acid-hcl-dc';http://w3id.org/glosis/model/procedure/totalCarbonateEquivalentProcedure-CaCO3_acid-hcl-dc;'Dissolution of carbonates by Hydrochloric acid [HCl], or Perchloric acid [HClO4], external heat (dry combustion)';"'https://www.isric.org/sites/default/files/isric_report_2014_01.pdf'	'Leenaars J.G.B., A.J.M. van Oostrum and M. Ruiperez Gonzalez, 2014. Africa Soil Profiles Database, Version 1.2. A compilation of georeferenced and standardised legacy soil profile data for Sub-Saharan Africa (with dataset). ISRIC Report 2014/01. Africa Soil Information Service (AfSIS) project and ISRIC - World Soil Information, Wageningen, the Netherlands. See Annex 4.'";'CaCO3_acid-hcl-dc'
'http://w3id.org/glosis/model/procedure/totalCarbonateEquivalentProcedure';'CaCO3_acid-hcl-nodc';http://w3id.org/glosis/model/procedure/totalCarbonateEquivalentProcedure-CaCO3_acid-hcl-nodc;'Dissolution of carbonates by Hydrochloric acid [HCl], or Perchloric acid [HClO4], no external (no dry combustion)';"'https://www.isric.org/sites/default/files/isric_report_2014_01.pdf'	'Leenaars J.G.B., A.J.M. van Oostrum and M. Ruiperez Gonzalez, 2014. Africa Soil Profiles Database, Version 1.2. A compilation of georeferenced and standardised legacy soil profile data for Sub-Saharan Africa (with dataset). ISRIC Report 2014/01. Africa Soil Information Service (AfSIS) project and ISRIC - World Soil Information, Wageningen, the Netherlands. See Annex 4.'";'CaCO3_acid-hcl-nodc'
'http://w3id.org/glosis/model/procedure/totalCarbonateEquivalentProcedure';'CaCO3_acid-hcl-unkn';http://w3id.org/glosis/model/procedure/totalCarbonateEquivalentProcedure-CaCO3_acid-hcl-unkn;'Dissolution of carbonates by Hydrochloric acid [HCl], or Perchloric acid [HClO4], external heat unknown';"'https://www.isric.org/sites/default/files/isric_report_2014_01.pdf'	'Leenaars J.G.B., A.J.M. van Oostrum and M. Ruiperez Gonzalez, 2014. Africa Soil Profiles Database, Version 1.2. A compilation of georeferenced and standardised legacy soil profile data for Sub-Saharan Africa (with dataset). ISRIC Report 2014/01. Africa Soil Information Service (AfSIS) project and ISRIC - World Soil Information, Wageningen, the Netherlands. See Annex 4.'";'CaCO3_acid-hcl-unk'
'http://w3id.org/glosis/model/procedure/totalCarbonateEquivalentProcedure';'CaCO3_acid-nodc';http://w3id.org/glosis/model/procedure/totalCarbonateEquivalentProcedure-CaCO3_acid-nodc;'Dissolution of carbonates by acid, no external (no dry combustion)';"'Leenaars J.G.B., A.J.M. van Oostrum and M. Ruiperez Gonzalez, 2014. Africa Soil Profiles Database, Version 1.2. A compilation of georeferenced and standardised legacy soil profile data for Sub-Saharan Africa (with dataset). ISRIC Report 2014/01. Africa Soil Information Service (AfSIS) project and ISRIC - World Soil Information, Wageningen, the Netherlands. See Annex 4.'	'https://www.isric.org/sites/default/files/isric_report_2014_01.pdf'";'CaCO3_acid-nodc'
'http://w3id.org/glosis/model/procedure/totalCarbonateEquivalentProcedure';'CaCO3_acid-unkn';http://w3id.org/glosis/model/procedure/totalCarbonateEquivalentProcedure-CaCO3_acid-unkn;'Dissolution of carbonates by acid, external heat unknown';"'https://www.isric.org/sites/default/files/isric_report_2014_01.pdf'	'Leenaars J.G.B., A.J.M. van Oostrum and M. Ruiperez Gonzalez, 2014. Africa Soil Profiles Database, Version 1.2. A compilation of georeferenced and standardised legacy soil profile data for Sub-Saharan Africa (with dataset). ISRIC Report 2014/01. Africa Soil Information Service (AfSIS) project and ISRIC - World Soil Information, Wageningen, the Netherlands. See Annex 4.'";'CaCO3_acid-unk'
'http://w3id.org/glosis/model/procedure/totalCarbonateEquivalentProcedure';'CaCO3_ca01';http://w3id.org/glosis/model/procedure/totalCarbonateEquivalentProcedure-CaCO3_ca01;'Method of Scheibler (volumetric)';'ON L 1084-99 (1999) Chemical analyses of soilsï¿½ï¿½ï¿½ï¿½ï¿½ï¿½ï¿½ï¿½ï¿½determination of carbonate. In: Austrian Standards Institute (ed) Oï¿½ï¿½ï¿½ï¿½ï¿½ï¿½ï¿½ï¿½ï¿½ NO;'CaCO3_ca01'
'http://w3id.org/glosis/model/procedure/totalCarbonateEquivalentProcedure';'CaCO3_ca02';http://w3id.org/glosis/model/procedure/totalCarbonateEquivalentProcedure-CaCO3_ca02;'Method of Wesemael';'Wesemael, J.C., 1955. De bepaling van van calciumcarbonaatgehalte van gronden. Chemisch Weekblad 51, 35-36.';'CaCO3_ca02'
'http://w3id.org/glosis/model/procedure/totalCarbonateEquivalentProcedure';'CaCO3_ca03';http://w3id.org/glosis/model/procedure/totalCarbonateEquivalentProcedure-CaCO3_ca03;'Method of Piper (HCl)';"'Leenaars J.G.B., A.J.M. van Oostrum and M. Ruiperez Gonzalez, 2014. Africa Soil Profiles Database, Version 1.2. A compilation of georeferenced and standardised legacy soil profile data for Sub-Saharan Africa (with dataset). ISRIC Report 2014/01. Africa Soil Information Service (AfSIS) project and ISRIC - World Soil Information, Wageningen, the Netherlands. See Annex 4.'	'https://www.isric.org/sites/default/files/isric_report_2014_01.pdf'";'CaCO3_ca03'
'http://w3id.org/glosis/model/procedure/totalCarbonateEquivalentProcedure';'CaCO3_ca04';http://w3id.org/glosis/model/procedure/totalCarbonateEquivalentProcedure-CaCO3_ca04;'Calcimeter method (volumetric after adition of dilute acid)';"'Leenaars J.G.B., A.J.M. van Oostrum and M. Ruiperez Gonzalez, 2014. Africa Soil Profiles Database, Version 1.2. A compilation of georeferenced and standardised legacy soil profile data for Sub-Saharan Africa (with dataset). ISRIC Report 2014/01. Africa Soil Information Service (AfSIS) project and ISRIC - World Soil Information, Wageningen, the Netherlands. See Annex 4.'	'https://www.isric.org/sites/default/files/isric_report_2014_01.pdf'";'CaCO3_ca04'
'http://w3id.org/glosis/model/procedure/totalCarbonateEquivalentProcedure';'CaCO3_ca05';http://w3id.org/glosis/model/procedure/totalCarbonateEquivalentProcedure-CaCO3_ca05;'Gravimetric (USDA Agr. Hdbk 60-/- method Richards et al., 1954)';"'Leenaars J.G.B., A.J.M. van Oostrum and M. Ruiperez Gonzalez, 2014. Africa Soil Profiles Database, Version 1.2. A compilation of georeferenced and standardised legacy soil profile data for Sub-Saharan Africa (with dataset). ISRIC Report 2014/01. Africa Soil Information Service (AfSIS) project and ISRIC - World Soil Information, Wageningen, the Netherlands. See Annex 4.'	'https://www.isric.org/sites/default/files/isric_report_2014_01.pdf'";'CaCO3_ca05'
'http://w3id.org/glosis/model/procedure/totalCarbonateEquivalentProcedure';'CaCO3_ca06';http://w3id.org/glosis/model/procedure/totalCarbonateEquivalentProcedure-CaCO3_ca06;'H3PO4 acid at 80C, conductometric in NaOH (Schlichting & Blume, 1966)';"'https://www.isric.org/sites/default/files/isric_report_2014_01.pdf'	'Leenaars J.G.B., A.J.M. van Oostrum and M. Ruiperez Gonzalez, 2014. Africa Soil Profiles Database, Version 1.2. A compilation of georeferenced and standardised legacy soil profile data for Sub-Saharan Africa (with dataset). ISRIC Report 2014/01. Africa Soil Information Service (AfSIS) project and ISRIC - World Soil Information, Wageningen, the Netherlands. See Annex 4.'";'CaCO3_ca06'
'http://w3id.org/glosis/model/procedure/totalCarbonateEquivalentProcedure';'CaCO3_ca07';http://w3id.org/glosis/model/procedure/totalCarbonateEquivalentProcedure-CaCO3_ca07;'Pressure calcimeter (Nelson, 1982)';"'https://acsess.onlinelibrary.wiley.com/doi/book/10.2134/agronmonogr9.2.2ed'	'Nelson, D.W., and L.E. Sommers. 1982. Total carbon, organic carbon and organic matter. p. 539-579. In A.L. Page (ed.), 1983. Methods of soil analysis. Part 2. 2nd ed. Agron. Monogr. 9. ASA and SSSA, Madison, WI.'";'CaCO3_ca07'
'http://w3id.org/glosis/model/procedure/totalCarbonateEquivalentProcedure';'CaCO3_ca08';http://w3id.org/glosis/model/procedure/totalCarbonateEquivalentProcedure-CaCO3_ca08;'Bernard calcimeter (Total CaCO3)';"'https://www.isric.org/sites/default/files/isric_report_2014_01.pdf'	'Leenaars J.G.B., A.J.M. van Oostrum and M. Ruiperez Gonzalez, 2014. Africa Soil Profiles Database, Version 1.2. A compilation of georeferenced and standardised legacy soil profile data for Sub-Saharan Africa (with dataset). ISRIC Report 2014/01. Africa Soil Information Service (AfSIS) project and ISRIC - World Soil Information, Wageningen, the Netherlands. See Annex 4.'";'CaCO3_ca08'
'http://w3id.org/glosis/model/procedure/totalCarbonateEquivalentProcedure';'CaCO3_ca09';http://w3id.org/glosis/model/procedure/totalCarbonateEquivalentProcedure-CaCO3_ca09;'Carbonates: H3PO4 treatment at 80 deg. C and CO2 measurement like TOC (OC13), transformation into CaCO3 (Schlichting et al. 1995)';"'https://www.isric.org/sites/default/files/isric_report_2014_01.pdf'	'Leenaars J.G.B., A.J.M. van Oostrum and M. Ruiperez Gonzalez, 2014. Africa Soil Profiles Database, Version 1.2. A compilation of georeferenced and standardised legacy soil profile data for Sub-Saharan Africa (with dataset). ISRIC Report 2014/01. Africa Soil Information Service (AfSIS) project and ISRIC - World Soil Information, Wageningen, the Netherlands. See Annex 4.'";'CaCO3_ca09'
'http://w3id.org/glosis/model/procedure/totalCarbonateEquivalentProcedure';'CaCO3_ca10';http://w3id.org/glosis/model/procedure/totalCarbonateEquivalentProcedure-CaCO3_ca10;'CaCO3 Equivalent, CO2 evolution after HCl treatment. Gravimetric';"'https://www.isric.org/sites/default/files/isric_report_2014_01.pdf'	'Leenaars J.G.B., A.J.M. van Oostrum and M. Ruiperez Gonzalez, 2014. Africa Soil Profiles Database, Version 1.2. A compilation of georeferenced and standardised legacy soil profile data for Sub-Saharan Africa (with dataset). ISRIC Report 2014/01. Africa Soil Information Service (AfSIS) project and ISRIC - World Soil Information, Wageningen, the Netherlands. See Annex 4.'";'CaCO3_ca10'
'http://w3id.org/glosis/model/procedure/totalCarbonateEquivalentProcedure';'CaCO3_ca11';http://w3id.org/glosis/model/procedure/totalCarbonateEquivalentProcedure-CaCO3_ca11;'Black, 1965-HCl';"'https://www.isric.org/sites/default/files/isric_report_2014_01.pdf'	'Leenaars J.G.B., A.J.M. van Oostrum and M. Ruiperez Gonzalez, 2014. Africa Soil Profiles Database, Version 1.2. A compilation of georeferenced and standardised legacy soil profile data for Sub-Saharan Africa (with dataset). ISRIC Report 2014/01. Africa Soil Information Service (AfSIS) project and ISRIC - World Soil Information, Wageningen, the Netherlands. See Annex 4.'";'CaCO3_ca11'
'http://w3id.org/glosis/model/procedure/totalCarbonateEquivalentProcedure';'CaCO3_ca12';http://w3id.org/glosis/model/procedure/totalCarbonateEquivalentProcedure-CaCO3_ca12;'Treatment with H2SO4 N/2 acid followed by titration with NaOH N/2 in presence of an indicator';"'https://www.isric.org/sites/default/files/isric_report_2014_01.pdf'	'Leenaars J.G.B., A.J.M. van Oostrum and M. Ruiperez Gonzalez, 2014. Africa Soil Profiles Database, Version 1.2. A compilation of georeferenced and standardised legacy soil profile data for Sub-Saharan Africa (with dataset). ISRIC Report 2014/01. Africa Soil Information Service (AfSIS) project and ISRIC - World Soil Information, Wageningen, the Netherlands. See Annex 4.'";'CaCO3_ca12'
'http://w3id.org/glosis/model/procedure/totalCarbonateEquivalentProcedure';'CaCO3_calcul-tc-oc';http://w3id.org/glosis/model/procedure/totalCarbonateEquivalentProcedure-CaCO3_calcul-tc-oc;'Indirect estimate: inorganic carbon divided by 0.12 (computed as total carbon minus organic carbon)';"'Leenaars J.G.B., A.J.M. van Oostrum and M. Ruiperez Gonzalez, 2014. Africa Soil Profiles Database, Version 1.2. A compilation of georeferenced and standardised legacy soil profile data for Sub-Saharan Africa (with dataset). ISRIC Report 2014/01. Africa Soil Information Service (AfSIS) project and ISRIC - World Soil Information, Wageningen, the Netherlands. See Annex 4.'	'https://www.isric.org/sites/default/files/isric_report_2014_01.pdf'";'CaCO3_calcul-tc-oc'
'http://w3id.org/glosis/model/procedure/gypsumProcedure';'CaSO4_gy01';http://w3id.org/glosis/model/procedure/gypsumProcedure-CaSO4_gy01;'Dissolved in water and precipitated by acetone';"'https://www.isric.org/sites/default/files/isric_report_2014_01.pdf'	'Leenaars J.G.B., A.J.M. van Oostrum and M. Ruiperez Gonzalez, 2014. Africa Soil Profiles Database, Version 1.2. A compilation of georeferenced and standardised legacy soil profile data for Sub-Saharan Africa (with dataset). ISRIC Report 2014/01. Africa Soil Information Service (AfSIS) project and ISRIC - World Soil Information, Wageningen, the Netherlands. See Annex 4.'";'CaSO4_gy01'
'http://w3id.org/glosis/model/procedure/gypsumProcedure';'CaSO4_gy02';http://w3id.org/glosis/model/procedure/gypsumProcedure-CaSO4_gy02;'Differ. between Ca-conc. in sat. extr. and Ca-conc. in 1/50 s/w solution';"'https://www.isric.org/sites/default/files/isric_report_2014_01.pdf'	'Leenaars J.G.B., A.J.M. van Oostrum and M. Ruiperez Gonzalez, 2014. Africa Soil Profiles Database, Version 1.2. A compilation of georeferenced and standardised legacy soil profile data for Sub-Saharan Africa (with dataset). ISRIC Report 2014/01. Africa Soil Information Service (AfSIS) project and ISRIC - World Soil Information, Wageningen, the Netherlands. See Annex 4.'";'CaSO4_gy02'
'http://w3id.org/glosis/model/procedure/gypsumProcedure';'CaSO4_gy03';http://w3id.org/glosis/model/procedure/gypsumProcedure-CaSO4_gy03;'Calculated from conductivity of successive dilutions';"'https://www.isric.org/sites/default/files/isric_report_2014_01.pdf'	'Leenaars J.G.B., A.J.M. van Oostrum and M. Ruiperez Gonzalez, 2014. Africa Soil Profiles Database, Version 1.2. A compilation of georeferenced and standardised legacy soil profile data for Sub-Saharan Africa (with dataset). ISRIC Report 2014/01. Africa Soil Information Service (AfSIS) project and ISRIC - World Soil Information, Wageningen, the Netherlands. See Annex 4.'";'CaSO4_gy03'
'http://w3id.org/glosis/model/procedure/gypsumProcedure';'CaSO4_gy04';http://w3id.org/glosis/model/procedure/gypsumProcedure-CaSO4_gy04;'In 0.1 M Na3-EDTA-/- turbidimetric (Begheijn, 1993)';"'https://www.isric.org/sites/default/files/isric_report_2014_01.pdf'	'Leenaars J.G.B., A.J.M. van Oostrum and M. Ruiperez Gonzalez, 2014. Africa Soil Profiles Database, Version 1.2. A compilation of georeferenced and standardised legacy soil profile data for Sub-Saharan Africa (with dataset). ISRIC Report 2014/01. Africa Soil Information Service (AfSIS) project and ISRIC - World Soil Information, Wageningen, the Netherlands. See Annex 4.'";'CaSO4_gy04'
'http://w3id.org/glosis/model/procedure/gypsumProcedure';'CaSO4_gy05';http://w3id.org/glosis/model/procedure/gypsumProcedure-CaSO4_gy05;'Gravimetric after dissolution in 0.2 N HCl (USSR-method)';"'Leenaars J.G.B., A.J.M. van Oostrum and M. Ruiperez Gonzalez, 2014. Africa Soil Profiles Database, Version 1.2. A compilation of georeferenced and standardised legacy soil profile data for Sub-Saharan Africa (with dataset). ISRIC Report 2014/01. Africa Soil Information Service (AfSIS) project and ISRIC - World Soil Information, Wageningen, the Netherlands. See Annex 4.'	'https://www.isric.org/sites/default/files/isric_report_2014_01.pdf'";'CaSO4_gy05'
'http://w3id.org/glosis/model/procedure/gypsumProcedure';'CaSO4_gy06';http://w3id.org/glosis/model/procedure/gypsumProcedure-CaSO4_gy06;'Total-S, using LECO furnace, minus easily soluble MgSO4 and Na2SO4';"'Leenaars J.G.B., A.J.M. van Oostrum and M. Ruiperez Gonzalez, 2014. Africa Soil Profiles Database, Version 1.2. A compilation of georeferenced and standardised legacy soil profile data for Sub-Saharan Africa (with dataset). ISRIC Report 2014/01. Africa Soil Information Service (AfSIS) project and ISRIC - World Soil Information, Wageningen, the Netherlands. See Annex 4.'	'https://www.isric.org/sites/default/files/isric_report_2014_01.pdf'";'CaSO4_gy06'
'http://w3id.org/glosis/model/procedure/gypsumProcedure';'CaSO4_gy07';http://w3id.org/glosis/model/procedure/gypsumProcedure-CaSO4_gy07;'Schleiff method, electrometric';"'Leenaars J.G.B., A.J.M. van Oostrum and M. Ruiperez Gonzalez, 2014. Africa Soil Profiles Database, Version 1.2. A compilation of georeferenced and standardised legacy soil profile data for Sub-Saharan Africa (with dataset). ISRIC Report 2014/01. Africa Soil Information Service (AfSIS) project and ISRIC - World Soil Information, Wageningen, the Netherlands. See Annex 4.'	'https://www.isric.org/sites/default/files/isric_report_2014_01.pdf'";'CaSO4_gy07'
'http://w3id.org/glosis/model/procedure/cationExchangeCapacitySoilProcedure';'CEC_ph0-ag-thioura';http://w3id.org/glosis/model/procedure/cationExchangeCapacitySoilProcedure-CEC_ph0-ag-thioura;'CEC unbuffered at pH of the soil, in 0.01 M Ag-thioura exchange solution';"'https://www.isric.org/sites/default/files/isric_report_2014_01.pdf'	'Leenaars J.G.B., A.J.M. van Oostrum and M. Ruiperez Gonzalez, 2014. Africa Soil Profiles Database, Version 1.2. A compilation of georeferenced and standardised legacy soil profile data for Sub-Saharan Africa (with dataset). ISRIC Report 2014/01. Africa Soil Information Service (AfSIS) project and ISRIC - World Soil Information, Wageningen, the Netherlands. See Annex 4.'";'CEC_ph0-ag-thioura'
'http://w3id.org/glosis/model/procedure/cationExchangeCapacitySoilProcedure';'CEC_ph0-bacl2';http://w3id.org/glosis/model/procedure/cationExchangeCapacitySoilProcedure-CEC_ph0-bacl2;'CEC unbuffered at pH o the soil, in 0.5 M BaCl2 exchange solution (0.1.1.0 M)';"'Leenaars J.G.B., A.J.M. van Oostrum and M. Ruiperez Gonzalez, 2014. Africa Soil Profiles Database, Version 1.2. A compilation of georeferenced and standardised legacy soil profile data for Sub-Saharan Africa (with dataset). ISRIC Report 2014/01. Africa Soil Information Service (AfSIS) project and ISRIC - World Soil Information, Wageningen, the Netherlands. See Annex 4.'	'https://www.isric.org/sites/default/files/isric_report_2014_01.pdf'";'CEC_ph0-bacl2'
'http://w3id.org/glosis/model/procedure/cationExchangeCapacitySoilProcedure';'CEC_ph0-cohex';http://w3id.org/glosis/model/procedure/cationExchangeCapacitySoilProcedure-CEC_ph0-cohex;'CEC unbuffered at pH of the soil, in Cobalt(III) hexamine chloride solution 0,0166M (Cohex) [Co[NH3]6]Cl3 ), ISO 23470 (2007)  exchange solution';'https://www.iso.org/standard/36879.html';'CEC_ph0-cohex'
'http://w3id.org/glosis/model/procedure/cationExchangeCapacitySoilProcedure';'CEC_ph0-kcl';http://w3id.org/glosis/model/procedure/cationExchangeCapacitySoilProcedure-CEC_ph0-kcl;'CEC unbuffered at pH of the soil, in 1 M KCl exchange solution';"'https://www.isric.org/sites/default/files/isric_report_2014_01.pdf'	'Leenaars J.G.B., A.J.M. van Oostrum and M. Ruiperez Gonzalez, 2014. Africa Soil Profiles Database, Version 1.2. A compilation of georeferenced and standardised legacy soil profile data for Sub-Saharan Africa (with dataset). ISRIC Report 2014/01. Africa Soil Information Service (AfSIS) project and ISRIC - World Soil Information, Wageningen, the Netherlands. See Annex 4.'";'CEC_ph0-kcl'
'http://w3id.org/glosis/model/procedure/cationExchangeCapacitySoilProcedure';'CEC_ph0-nh4cl';http://w3id.org/glosis/model/procedure/cationExchangeCapacitySoilProcedure-CEC_ph0-nh4cl;'CEC unbuffered at pH of the soil, in 1 M NH4-chloride exchange solution (0.2-1.0 M)';"'https://www.isric.org/sites/default/files/isric_report_2014_01.pdf'	'Leenaars J.G.B., A.J.M. van Oostrum and M. Ruiperez Gonzalez, 2014. Africa Soil Profiles Database, Version 1.2. A compilation of georeferenced and standardised legacy soil profile data for Sub-Saharan Africa (with dataset). ISRIC Report 2014/01. Africa Soil Information Service (AfSIS) project and ISRIC - World Soil Information, Wageningen, the Netherlands. See Annex 4.'";'CEC_ph0-nh4cl'
'http://w3id.org/glosis/model/procedure/cationExchangeCapacitySoilProcedure';'CEC_ph0-nh4oac';http://w3id.org/glosis/model/procedure/cationExchangeCapacitySoilProcedure-CEC_ph0-nh4oac;'CEC unbuffered at pH of the soil, in 1 M NH4-acetate (NH4OAc) exchange solution (0.25-1.0 M)';"'https://www.isric.org/sites/default/files/isric_report_2014_01.pdf'	'Leenaars J.G.B., A.J.M. van Oostrum and M. Ruiperez Gonzalez, 2014. Africa Soil Profiles Database, Version 1.2. A compilation of georeferenced and standardised legacy soil profile data for Sub-Saharan Africa (with dataset). ISRIC Report 2014/01. Africa Soil Information Service (AfSIS) project and ISRIC - World Soil Information, Wageningen, the Netherlands. See Annex 4.'";'CEC_ph0-nh4oac'
'http://w3id.org/glosis/model/procedure/cationExchangeCapacitySoilProcedure';'CEC_ph0-unkn';http://w3id.org/glosis/model/procedure/cationExchangeCapacitySoilProcedure-CEC_ph0-unkn;'CEC unbuffered at pH of the soil, in unknown exchange solution';"'Leenaars J.G.B., A.J.M. van Oostrum and M. Ruiperez Gonzalez, 2014. Africa Soil Profiles Database, Version 1.2. A compilation of georeferenced and standardised legacy soil profile data for Sub-Saharan Africa (with dataset). ISRIC Report 2014/01. Africa Soil Information Service (AfSIS) project and ISRIC - World Soil Information, Wageningen, the Netherlands. See Annex 4.'	'https://www.isric.org/sites/default/files/isric_report_2014_01.pdf'";'CEC_ph0-unk'
'http://w3id.org/glosis/model/procedure/cationExchangeCapacitySoilProcedure';'CEC_ph7-edta';http://w3id.org/glosis/model/procedure/cationExchangeCapacitySoilProcedure-CEC_ph7-edta;'CEC buffered at pH 7, in 0.1 M Li-EDTA exchange solution';"'https://www.isric.org/sites/default/files/isric_report_2014_01.pdf'	'Leenaars J.G.B., A.J.M. van Oostrum and M. Ruiperez Gonzalez, 2014. Africa Soil Profiles Database, Version 1.2. A compilation of georeferenced and standardised legacy soil profile data for Sub-Saharan Africa (with dataset). ISRIC Report 2014/01. Africa Soil Information Service (AfSIS) project and ISRIC - World Soil Information, Wageningen, the Netherlands. See Annex 4.'";'CEC_ph7-edta'
'http://w3id.org/glosis/model/procedure/cationExchangeCapacitySoilProcedure';'CEC_ph7-nh4oac';http://w3id.org/glosis/model/procedure/cationExchangeCapacitySoilProcedure-CEC_ph7-nh4oac;'CEC buffered at pH 7, in 1 M NH4-acetate (NH4OAc) exchange solution (0.25-1.0 M)';"'Leenaars J.G.B., A.J.M. van Oostrum and M. Ruiperez Gonzalez, 2014. Africa Soil Profiles Database, Version 1.2. A compilation of georeferenced and standardised legacy soil profile data for Sub-Saharan Africa (with dataset). ISRIC Report 2014/01. Africa Soil Information Service (AfSIS) project and ISRIC - World Soil Information, Wageningen, the Netherlands. See Annex 4.'	'https://www.isric.org/sites/default/files/isric_report_2014_01.pdf'";'CEC_ph7-nh4oac'
'http://w3id.org/glosis/model/procedure/cationExchangeCapacitySoilProcedure';'CEC_ph7-unkn';http://w3id.org/glosis/model/procedure/cationExchangeCapacitySoilProcedure-CEC_ph7-unkn;'CEC buffered at pH 7, in unknown exchange solution';"'https://www.isric.org/sites/default/files/isric_report_2014_01.pdf'	'Leenaars J.G.B., A.J.M. van Oostrum and M. Ruiperez Gonzalez, 2014. Africa Soil Profiles Database, Version 1.2. A compilation of georeferenced and standardised legacy soil profile data for Sub-Saharan Africa (with dataset). ISRIC Report 2014/01. Africa Soil Information Service (AfSIS) project and ISRIC - World Soil Information, Wageningen, the Netherlands. See Annex 4.'";'CEC_ph7-unk'
'http://w3id.org/glosis/model/procedure/cationExchangeCapacitySoilProcedure';'CEC_ph8-bacl2tea';http://w3id.org/glosis/model/procedure/cationExchangeCapacitySoilProcedure-CEC_ph8-bacl2tea;'CEC buffered at pH 8.0-8.5, in 0.5 M BaCl2-TEA exchange solution (0.1.1.0 M)';"'Leenaars J.G.B., A.J.M. van Oostrum and M. Ruiperez Gonzalez, 2014. Africa Soil Profiles Database, Version 1.2. A compilation of georeferenced and standardised legacy soil profile data for Sub-Saharan Africa (with dataset). ISRIC Report 2014/01. Africa Soil Information Service (AfSIS) project and ISRIC - World Soil Information, Wageningen, the Netherlands. See Annex 4.'	'https://www.isric.org/sites/default/files/isric_report_2014_01.pdf'";'CEC_ph8-bacl2tea'
'http://w3id.org/glosis/model/procedure/cationExchangeCapacitySoilProcedure';'CEC_ph8-baoac';http://w3id.org/glosis/model/procedure/cationExchangeCapacitySoilProcedure-CEC_ph8-baoac;'CEC buffered at pH 8.0-8.5, in 0.5 M Ba-acetate exchange solution';"'Leenaars J.G.B., A.J.M. van Oostrum and M. Ruiperez Gonzalez, 2014. Africa Soil Profiles Database, Version 1.2. A compilation of georeferenced and standardised legacy soil profile data for Sub-Saharan Africa (with dataset). ISRIC Report 2014/01. Africa Soil Information Service (AfSIS) project and ISRIC - World Soil Information, Wageningen, the Netherlands. See Annex 4.'	'https://www.isric.org/sites/default/files/isric_report_2014_01.pdf'";'CEC_ph8-baoac'
'http://w3id.org/glosis/model/procedure/cationExchangeCapacitySoilProcedure';'CEC_ph8-licl2tea';http://w3id.org/glosis/model/procedure/cationExchangeCapacitySoilProcedure-CEC_ph8-licl2tea;'CEC buffered at pH 8.0-8.5, in 0.5 M Li-chloride - TEA exchange solution';"'https://www.isric.org/sites/default/files/isric_report_2014_01.pdf'	'Leenaars J.G.B., A.J.M. van Oostrum and M. Ruiperez Gonzalez, 2014. Africa Soil Profiles Database, Version 1.2. A compilation of georeferenced and standardised legacy soil profile data for Sub-Saharan Africa (with dataset). ISRIC Report 2014/01. Africa Soil Information Service (AfSIS) project and ISRIC - World Soil Information, Wageningen, the Netherlands. See Annex 4.'";'CEC_ph8-licl2tea'
'http://w3id.org/glosis/model/procedure/cationExchangeCapacitySoilProcedure';'CEC_ph8-naoac';http://w3id.org/glosis/model/procedure/cationExchangeCapacitySoilProcedure-CEC_ph8-naoac;'CEC buffered at pH 8.0-8.5, in 1 M Na-acetate exchange solution';"'Leenaars J.G.B., A.J.M. van Oostrum and M. Ruiperez Gonzalez, 2014. Africa Soil Profiles Database, Version 1.2. A compilation of georeferenced and standardised legacy soil profile data for Sub-Saharan Africa (with dataset). ISRIC Report 2014/01. Africa Soil Information Service (AfSIS) project and ISRIC - World Soil Information, Wageningen, the Netherlands. See Annex 4.'	'https://www.isric.org/sites/default/files/isric_report_2014_01.pdf'";'CEC_ph8-naoac'
'http://w3id.org/glosis/model/procedure/cationExchangeCapacitySoilProcedure';'CEC_ph8-nh4oac';http://w3id.org/glosis/model/procedure/cationExchangeCapacitySoilProcedure-CEC_ph8-nh4oac;'CEC buffered at pH 8.0-8.5, in 1 M NH4-acetate exchange solution (0.25-1.0 M)';"'https://www.isric.org/sites/default/files/isric_report_2014_01.pdf'	'Leenaars J.G.B., A.J.M. van Oostrum and M. Ruiperez Gonzalez, 2014. Africa Soil Profiles Database, Version 1.2. A compilation of georeferenced and standardised legacy soil profile data for Sub-Saharan Africa (with dataset). ISRIC Report 2014/01. Africa Soil Information Service (AfSIS) project and ISRIC - World Soil Information, Wageningen, the Netherlands. See Annex 4.'";'CEC_ph8-nh4oac'
'http://w3id.org/glosis/model/procedure/cationExchangeCapacitySoilProcedure';'CEC_ph8-unkn';http://w3id.org/glosis/model/procedure/cationExchangeCapacitySoilProcedure-CEC_ph8-unkn;'CEC buffered at pH 8.0-8.5, in unknown exchange solution';"'https://www.isric.org/sites/default/files/isric_report_2014_01.pdf'	'Leenaars J.G.B., A.J.M. van Oostrum and M. Ruiperez Gonzalez, 2014. Africa Soil Profiles Database, Version 1.2. A compilation of georeferenced and standardised legacy soil profile data for Sub-Saharan Africa (with dataset). ISRIC Report 2014/01. Africa Soil Information Service (AfSIS) project and ISRIC - World Soil Information, Wageningen, the Netherlands. See Annex 4.'";'CEC_ph8-unk'
'http://w3id.org/glosis/model/procedure/cationExchangeCapacitySoilProcedure';'CEC_ph-unkn-cacl2';http://w3id.org/glosis/model/procedure/cationExchangeCapacitySoilProcedure-CEC_ph-unkn-cacl2;'CEC at unknown buffer, in 0.1 M CaCl2 exchange solution';"'Leenaars J.G.B., A.J.M. van Oostrum and M. Ruiperez Gonzalez, 2014. Africa Soil Profiles Database, Version 1.2. A compilation of georeferenced and standardised legacy soil profile data for Sub-Saharan Africa (with dataset). ISRIC Report 2014/01. Africa Soil Information Service (AfSIS) project and ISRIC - World Soil Information, Wageningen, the Netherlands. See Annex 4.'	'https://www.isric.org/sites/default/files/isric_report_2014_01.pdf'";'CEC_ph-unkn-cacl2'
'http://w3id.org/glosis/model/procedure/cationExchangeCapacitySoilProcedure';'CEC_ph-unkn-lioac';http://w3id.org/glosis/model/procedure/cationExchangeCapacitySoilProcedure-CEC_ph-unkn-lioac;'CEC at unknown buffer, in 0.5 M Li-acetate exchange solution';"'https://www.isric.org/sites/default/files/isric_report_2014_01.pdf'	'Leenaars J.G.B., A.J.M. van Oostrum and M. Ruiperez Gonzalez, 2014. Africa Soil Profiles Database, Version 1.2. A compilation of georeferenced and standardised legacy soil profile data for Sub-Saharan Africa (with dataset). ISRIC Report 2014/01. Africa Soil Information Service (AfSIS) project and ISRIC - World Soil Information, Wageningen, the Netherlands. See Annex 4.'";'CEC_ph-unkn-lioac'
'http://w3id.org/glosis/model/procedure/cationExchangeCapacitySoilProcedure';'CEC_ph-unkn-m3';http://w3id.org/glosis/model/procedure/cationExchangeCapacitySoilProcedure-CEC_ph-unkn-m3;'CEC at unknown buffer, in Mehlich III exchange solution';"'Leenaars J.G.B., A.J.M. van Oostrum and M. Ruiperez Gonzalez, 2014. Africa Soil Profiles Database, Version 1.2. A compilation of georeferenced and standardised legacy soil profile data for Sub-Saharan Africa (with dataset). ISRIC Report 2014/01. Africa Soil Information Service (AfSIS) project and ISRIC - World Soil Information, Wageningen, the Netherlands. See Annex 4.'	'https://www.isric.org/sites/default/files/isric_report_2014_01.pdf'";'CEC_ph-unkn-m3'
'http://w3id.org/glosis/model/procedure/coarseFragmentsProcedure';'CrsFrg_fld';http://w3id.org/glosis/model/procedure/coarseFragmentsProcedure-CrsFrg_fld;'Particles > 2 mm observed in the field. May include concretions and very hard aggregates';"'https://www.isric.org/sites/default/files/isric_report_2014_01.pdf'	'Leenaars J.G.B., A.J.M. van Oostrum and M. Ruiperez Gonzalez, 2014. Africa Soil Profiles Database, Version 1.2. A compilation of georeferenced and standardised legacy soil profile data for Sub-Saharan Africa (with dataset). ISRIC Report 2014/01. Africa Soil Information Service (AfSIS) project and ISRIC - World Soil Information, Wageningen, the Netherlands. See Annex 4.'";'CrsFrg_fld'
'http://w3id.org/glosis/model/procedure/coarseFragmentsProcedure';'CrsFrg_fldcls';http://w3id.org/glosis/model/procedure/coarseFragmentsProcedure-CrsFrg_fldcls;'Particles > 2 mm observed in the field and calculated from class values. May include concretions and very hard aggregates';"'https://www.isric.org/sites/default/files/isric_report_2014_01.pdf'	'Leenaars J.G.B., A.J.M. van Oostrum and M. Ruiperez Gonzalez, 2014. Africa Soil Profiles Database, Version 1.2. A compilation of georeferenced and standardised legacy soil profile data for Sub-Saharan Africa (with dataset). ISRIC Report 2014/01. Africa Soil Information Service (AfSIS) project and ISRIC - World Soil Information, Wageningen, the Netherlands. See Annex 4.'";'CrsFrg_fldcls'
'http://w3id.org/glosis/model/procedure/coarseFragmentsProcedure';'CrsFrg_lab';http://w3id.org/glosis/model/procedure/coarseFragmentsProcedure-CrsFrg_lab;'Particles > 2 mm measured in laboratory (sieved after light pounding). May include concretions and very hard aggregates';"'Leenaars J.G.B., A.J.M. van Oostrum and M. Ruiperez Gonzalez, 2014. Africa Soil Profiles Database, Version 1.2. A compilation of georeferenced and standardised legacy soil profile data for Sub-Saharan Africa (with dataset). ISRIC Report 2014/01. Africa Soil Information Service (AfSIS) project and ISRIC - World Soil Information, Wageningen, the Netherlands. See Annex 4.'	'https://www.isric.org/sites/default/files/isric_report_2014_01.pdf'";'CrsFrg_lab'
'http://w3id.org/glosis/model/procedure/electricalConductivityProcedure';'EC_ratio1-1';http://w3id.org/glosis/model/procedure/electricalConductivityProcedure-EC_ratio1-1;'Elec. conductivity at 1:1 soil/water ratio';"'Leenaars J.G.B., A.J.M. van Oostrum and M. Ruiperez Gonzalez, 2014. Africa Soil Profiles Database, Version 1.2. A compilation of georeferenced and standardised legacy soil profile data for Sub-Saharan Africa (with dataset). ISRIC Report 2014/01. Africa Soil Information Service (AfSIS) project and ISRIC - World Soil Information, Wageningen, the Netherlands. See Annex 4.'	'https://www.isric.org/sites/default/files/isric_report_2014_01.pdf'";'EC_ratio1-1'
'http://w3id.org/glosis/model/procedure/electricalConductivityProcedure';'EC_ratio1-10';http://w3id.org/glosis/model/procedure/electricalConductivityProcedure-EC_ratio1-10;'Elec. conductivity at 1:10 soil/water ratio';"'https://www.isric.org/sites/default/files/isric_report_2014_01.pdf'	'Leenaars J.G.B., A.J.M. van Oostrum and M. Ruiperez Gonzalez, 2014. Africa Soil Profiles Database, Version 1.2. A compilation of georeferenced and standardised legacy soil profile data for Sub-Saharan Africa (with dataset). ISRIC Report 2014/01. Africa Soil Information Service (AfSIS) project and ISRIC - World Soil Information, Wageningen, the Netherlands. See Annex 4.'";'EC_ratio1-10'
'http://w3id.org/glosis/model/procedure/electricalConductivityProcedure';'EC_ratio1-2';http://w3id.org/glosis/model/procedure/electricalConductivityProcedure-EC_ratio1-2;'Elec. conductivity at 1:2 soil/water ratio';"'Leenaars J.G.B., A.J.M. van Oostrum and M. Ruiperez Gonzalez, 2014. Africa Soil Profiles Database, Version 1.2. A compilation of georeferenced and standardised legacy soil profile data for Sub-Saharan Africa (with dataset). ISRIC Report 2014/01. Africa Soil Information Service (AfSIS) project and ISRIC - World Soil Information, Wageningen, the Netherlands. See Annex 4.'	'https://www.isric.org/sites/default/files/isric_report_2014_01.pdf'";'EC_ratio1-2'
'http://w3id.org/glosis/model/procedure/electricalConductivityProcedure';'EC_ratio1-2.5';http://w3id.org/glosis/model/procedure/electricalConductivityProcedure-EC_ratio1-2.5;'Elec. conductivity at 1:2.5 soil/water ratio';"'Leenaars J.G.B., A.J.M. van Oostrum and M. Ruiperez Gonzalez, 2014. Africa Soil Profiles Database, Version 1.2. A compilation of georeferenced and standardised legacy soil profile data for Sub-Saharan Africa (with dataset). ISRIC Report 2014/01. Africa Soil Information Service (AfSIS) project and ISRIC - World Soil Information, Wageningen, the Netherlands. See Annex 4.'	'https://www.isric.org/sites/default/files/isric_report_2014_01.pdf'";'EC_ratio1-2.5'
'http://w3id.org/glosis/model/procedure/electricalConductivityProcedure';'EC_ratio1-5';http://w3id.org/glosis/model/procedure/electricalConductivityProcedure-EC_ratio1-5;'Elec. conductivity at 1:5 soil/water ratio';"'Leenaars J.G.B., A.J.M. van Oostrum and M. Ruiperez Gonzalez, 2014. Africa Soil Profiles Database, Version 1.2. A compilation of georeferenced and standardised legacy soil profile data for Sub-Saharan Africa (with dataset). ISRIC Report 2014/01. Africa Soil Information Service (AfSIS) project and ISRIC - World Soil Information, Wageningen, the Netherlands. See Annex 4.'	'https://www.isric.org/sites/default/files/isric_report_2014_01.pdf'";'EC_ratio1-5'
'http://w3id.org/glosis/model/procedure/electricalConductivityProcedure';'ECe_sat';http://w3id.org/glosis/model/procedure/electricalConductivityProcedure-ECe_sat;'Elec. conductivity in saturated paste (ECe)';"'Leenaars J.G.B., A.J.M. van Oostrum and M. Ruiperez Gonzalez, 2014. Africa Soil Profiles Database, Version 1.2. A compilation of georeferenced and standardised legacy soil profile data for Sub-Saharan Africa (with dataset). ISRIC Report 2014/01. Africa Soil Information Service (AfSIS) project and ISRIC - World Soil Information, Wageningen, the Netherlands. See Annex 4.'	'https://www.isric.org/sites/default/files/isric_report_2014_01.pdf'";'ECe_sat'
'http://w3id.org/glosis/model/procedure/effectiveCecProcedure';'EffCEC_calcul-b';http://w3id.org/glosis/model/procedure/effectiveCecProcedure-EffCEC_calcul-b;'Sum of exchangeable bases (Ca, Mg, K, Na) without exchangeable acidity (H+Al), see ExchBases and ExchAcids for methods';"'Leenaars J.G.B., A.J.M. van Oostrum and M. Ruiperez Gonzalez, 2014. Africa Soil Profiles Database, Version 1.2. A compilation of georeferenced and standardised legacy soil profile data for Sub-Saharan Africa (with dataset). ISRIC Report 2014/01. Africa Soil Information Service (AfSIS) project and ISRIC - World Soil Information, Wageningen, the Netherlands. See Annex 4.'	'https://www.isric.org/sites/default/files/isric_report_2014_01.pdf'";'EffCEC_calcul-b'
'http://w3id.org/glosis/model/procedure/effectiveCecProcedure';'EffCEC_calcul-ba';http://w3id.org/glosis/model/procedure/effectiveCecProcedure-EffCEC_calcul-ba;'Sum of exchangeable bases (Ca, Mg, K, Na) plus exchangeable acidity (H+Al), see ExchBases and ExchAcids for methods';"'https://www.isric.org/sites/default/files/isric_report_2014_01.pdf'	'Leenaars J.G.B., A.J.M. van Oostrum and M. Ruiperez Gonzalez, 2014. Africa Soil Profiles Database, Version 1.2. A compilation of georeferenced and standardised legacy soil profile data for Sub-Saharan Africa (with dataset). ISRIC Report 2014/01. Africa Soil Information Service (AfSIS) project and ISRIC - World Soil Information, Wageningen, the Netherlands. See Annex 4.'";'EffCEC_calcul-ba'
'http://w3id.org/glosis/model/procedure/acidityExchangeableProcedure';'ExchAcid_ph0-kcl1m';http://w3id.org/glosis/model/procedure/acidityExchangeableProcedure-ExchAcid_ph0-kcl1m;'Exch acidity (H+Al) unbuffered, in 1 M KCl extract';"'Leenaars J.G.B., A.J.M. van Oostrum and M. Ruiperez Gonzalez, 2014. Africa Soil Profiles Database, Version 1.2. A compilation of georeferenced and standardised legacy soil profile data for Sub-Saharan Africa (with dataset). ISRIC Report 2014/01. Africa Soil Information Service (AfSIS) project and ISRIC - World Soil Information, Wageningen, the Netherlands. See Annex 4.'	'https://www.isric.org/sites/default/files/isric_report_2014_01.pdf'";'ExchAcid_ph0-kcl1m'
'http://w3id.org/glosis/model/procedure/acidityExchangeableProcedure';'ExchAcid_ph0-nh4cl';http://w3id.org/glosis/model/procedure/acidityExchangeableProcedure-ExchAcid_ph0-nh4cl;'Exch acidity (H+Al) unbuffered, in 0.05-0.1 M NH4Cl extract';"'https://www.isric.org/sites/default/files/isric_report_2014_01.pdf'	'Leenaars J.G.B., A.J.M. van Oostrum and M. Ruiperez Gonzalez, 2014. Africa Soil Profiles Database, Version 1.2. A compilation of georeferenced and standardised legacy soil profile data for Sub-Saharan Africa (with dataset). ISRIC Report 2014/01. Africa Soil Information Service (AfSIS) project and ISRIC - World Soil Information, Wageningen, the Netherlands. See Annex 4.'";'ExchAcid_ph0-nh4cl'
'http://w3id.org/glosis/model/procedure/acidityExchangeableProcedure';'ExchAcid_ph0-unkn';http://w3id.org/glosis/model/procedure/acidityExchangeableProcedure-ExchAcid_ph0-unkn;'Exch acidity (H+Al) unbuffered, in unknown extract';"'Leenaars J.G.B., A.J.M. van Oostrum and M. Ruiperez Gonzalez, 2014. Africa Soil Profiles Database, Version 1.2. A compilation of georeferenced and standardised legacy soil profile data for Sub-Saharan Africa (with dataset). ISRIC Report 2014/01. Africa Soil Information Service (AfSIS) project and ISRIC - World Soil Information, Wageningen, the Netherlands. See Annex 4.'	'https://www.isric.org/sites/default/files/isric_report_2014_01.pdf'";'ExchAcid_ph0-unk'
'http://w3id.org/glosis/model/procedure/acidityExchangeableProcedure';'ExchAcid_ph7-caoac';http://w3id.org/glosis/model/procedure/acidityExchangeableProcedure-ExchAcid_ph7-caoac;'Exch acidity (H+Al) buffered at pH 7, in 1M Ca-acetate extract';"'https://www.isric.org/sites/default/files/isric_report_2014_01.pdf'	'Leenaars J.G.B., A.J.M. van Oostrum and M. Ruiperez Gonzalez, 2014. Africa Soil Profiles Database, Version 1.2. A compilation of georeferenced and standardised legacy soil profile data for Sub-Saharan Africa (with dataset). ISRIC Report 2014/01. Africa Soil Information Service (AfSIS) project and ISRIC - World Soil Information, Wageningen, the Netherlands. See Annex 4.'";'ExchAcid_ph7-caoac'
'http://w3id.org/glosis/model/procedure/acidityExchangeableProcedure';'ExchAcid_ph7-unkn';http://w3id.org/glosis/model/procedure/acidityExchangeableProcedure-ExchAcid_ph7-unkn;'Exch acidity (H+Al) buffered at pH 7, in unknown extract';"'https://www.isric.org/sites/default/files/isric_report_2014_01.pdf'	'Leenaars J.G.B., A.J.M. van Oostrum and M. Ruiperez Gonzalez, 2014. Africa Soil Profiles Database, Version 1.2. A compilation of georeferenced and standardised legacy soil profile data for Sub-Saharan Africa (with dataset). ISRIC Report 2014/01. Africa Soil Information Service (AfSIS) project and ISRIC - World Soil Information, Wageningen, the Netherlands. See Annex 4.'";'ExchAcid_ph7-unk'
'http://w3id.org/glosis/model/procedure/acidityExchangeableProcedure';'ExchAcid_ph8-bacl2tea';http://w3id.org/glosis/model/procedure/acidityExchangeableProcedure-ExchAcid_ph8-bacl2tea;'Exch (extractable / potential) acidity (Al) buffered at pH 8.0-8.5, in 1 M BaCl2 - TEA';"'Leenaars J.G.B., A.J.M. van Oostrum and M. Ruiperez Gonzalez, 2014. Africa Soil Profiles Database, Version 1.2. A compilation of georeferenced and standardised legacy soil profile data for Sub-Saharan Africa (with dataset). ISRIC Report 2014/01. Africa Soil Information Service (AfSIS) project and ISRIC - World Soil Information, Wageningen, the Netherlands. See Annex 4.'	'https://www.isric.org/sites/default/files/isric_report_2014_01.pdf'";'ExchAcid_ph8-bacl2tea'
'http://w3id.org/glosis/model/procedure/acidityExchangeableProcedure';'ExchAcid_ph8-unkn';http://w3id.org/glosis/model/procedure/acidityExchangeableProcedure-ExchAcid_ph8-unkn;'Exch (extractable / potential) acidity (Al) buffered at pH 8.0-8.5, in unknown extract';"'Leenaars J.G.B., A.J.M. van Oostrum and M. Ruiperez Gonzalez, 2014. Africa Soil Profiles Database, Version 1.2. A compilation of georeferenced and standardised legacy soil profile data for Sub-Saharan Africa (with dataset). ISRIC Report 2014/01. Africa Soil Information Service (AfSIS) project and ISRIC - World Soil Information, Wageningen, the Netherlands. See Annex 4.'	'https://www.isric.org/sites/default/files/isric_report_2014_01.pdf'";'ExchAcid_ph8-unk'
'http://w3id.org/glosis/model/procedure/exchangeableBasesProcedure';'ExchBases_ph0-cohex';http://w3id.org/glosis/model/procedure/exchangeableBasesProcedure-ExchBases_ph0-cohex;'Exch bases (Ca, Mg, K, Na) unbuffered, in Cobalt(III) hexamine chloride solution 0,0166M (Cohex) [Co[NH3]6]Cl3 ), ISO 23470 (2007)';'https://www.iso.org/standard/36879.html';'ExchBases_ph0-cohex'
'http://w3id.org/glosis/model/procedure/exchangeableBasesProcedure';'ExchBases_ph0-nh4cl';http://w3id.org/glosis/model/procedure/exchangeableBasesProcedure-ExchBases_ph0-nh4cl;'Exch bases (Ca, Mg, K, Na) unbuffered, in 1 M NH4Cl (0.05-1.0 m?)';"'https://www.isric.org/sites/default/files/isric_report_2014_01.pdf'	'Leenaars J.G.B., A.J.M. van Oostrum and M. Ruiperez Gonzalez, 2014. Africa Soil Profiles Database, Version 1.2. A compilation of georeferenced and standardised legacy soil profile data for Sub-Saharan Africa (with dataset). ISRIC Report 2014/01. Africa Soil Information Service (AfSIS) project and ISRIC - World Soil Information, Wageningen, the Netherlands. See Annex 4.'";'ExchBases_ph0-nh4cl'
'http://w3id.org/glosis/model/procedure/exchangeableBasesProcedure';'ExchBases_ph7-nh4oac';http://w3id.org/glosis/model/procedure/exchangeableBasesProcedure-ExchBases_ph7-nh4oac;'Exch bases (Ca, Mg, K, Na) buffered at pH 7, in 1M NH4OAc';"'https://www.isric.org/sites/default/files/isric_report_2014_01.pdf'	'Leenaars J.G.B., A.J.M. van Oostrum and M. Ruiperez Gonzalez, 2014. Africa Soil Profiles Database, Version 1.2. A compilation of georeferenced and standardised legacy soil profile data for Sub-Saharan Africa (with dataset). ISRIC Report 2014/01. Africa Soil Information Service (AfSIS) project and ISRIC - World Soil Information, Wageningen, the Netherlands. See Annex 4.'";'ExchBases_ph7-nh4oac'
'http://w3id.org/glosis/model/procedure/exchangeableBasesProcedure';'ExchBases_ph7-nh4oac-aas';http://w3id.org/glosis/model/procedure/exchangeableBasesProcedure-ExchBases_ph7-nh4oac-aas;'Exch bases (Ca, Mg, K, Na) buffered at pH 7, in 1M NH4OAc, Ca and Mg with AAS (Atomic Absorption Spectrometry)';"'https://www.isric.org/sites/default/files/isric_report_2014_01.pdf'	'Leenaars J.G.B., A.J.M. van Oostrum and M. Ruiperez Gonzalez, 2014. Africa Soil Profiles Database, Version 1.2. A compilation of georeferenced and standardised legacy soil profile data for Sub-Saharan Africa (with dataset). ISRIC Report 2014/01. Africa Soil Information Service (AfSIS) project and ISRIC - World Soil Information, Wageningen, the Netherlands. See Annex 4.'";'ExchBases_ph7-nh4oac-aas'
'http://w3id.org/glosis/model/procedure/exchangeableBasesProcedure';'ExchBases_ph7-nh4oac-fp';http://w3id.org/glosis/model/procedure/exchangeableBasesProcedure-ExchBases_ph7-nh4oac-fp;'Exch bases (Ca, Mg, K, Na) buffered at pH 7, in 1M NH4OAc, K and Na with FP (Flame Photometry)';"'Leenaars J.G.B., A.J.M. van Oostrum and M. Ruiperez Gonzalez, 2014. Africa Soil Profiles Database, Version 1.2. A compilation of georeferenced and standardised legacy soil profile data for Sub-Saharan Africa (with dataset). ISRIC Report 2014/01. Africa Soil Information Service (AfSIS) project and ISRIC - World Soil Information, Wageningen, the Netherlands. See Annex 4.'	'https://www.isric.org/sites/default/files/isric_report_2014_01.pdf'";'ExchBases_ph7-nh4oac-fp'
'http://w3id.org/glosis/model/procedure/exchangeableBasesProcedure';'ExchBases_ph7-unkn';http://w3id.org/glosis/model/procedure/exchangeableBasesProcedure-ExchBases_ph7-unkn;'Exch bases (Ca, Mg, K, Na) buffered at pH 7, in unknown solution';'https://www.isric.org/sites/default/files/WOSISprocedureManual_2020nov17web.pdf#page=70';'ExchBases_ph7-unk'
'http://w3id.org/glosis/model/procedure/exchangeableBasesProcedure';'ExchBases_ph8-bacl2tea';http://w3id.org/glosis/model/procedure/exchangeableBasesProcedure-ExchBases_ph8-bacl2tea;'Exch bases (Ca, Mg, K, Na) buffered at pH 8.0-8.5, in 0.5 M BaCl2 - TEA solution';"'https://www.isric.org/sites/default/files/isric_report_2014_01.pdf'	'Leenaars J.G.B., A.J.M. van Oostrum and M. Ruiperez Gonzalez, 2014. Africa Soil Profiles Database, Version 1.2. A compilation of georeferenced and standardised legacy soil profile data for Sub-Saharan Africa (with dataset). ISRIC Report 2014/01. Africa Soil Information Service (AfSIS) project and ISRIC - World Soil Information, Wageningen, the Netherlands. See Annex 4.'";'ExchBases_ph8-bacl2tea'
'http://w3id.org/glosis/model/procedure/exchangeableBasesProcedure';'ExchBases_ph8-unkn';http://w3id.org/glosis/model/procedure/exchangeableBasesProcedure-ExchBases_ph8-unkn;'Exch bases (Ca, Mg, K, Na) buffered at pH 8.0-8.5, in unknown solution';"'https://www.isric.org/sites/default/files/isric_report_2014_01.pdf'	'Leenaars J.G.B., A.J.M. van Oostrum and M. Ruiperez Gonzalez, 2014. Africa Soil Profiles Database, Version 1.2. A compilation of georeferenced and standardised legacy soil profile data for Sub-Saharan Africa (with dataset). ISRIC Report 2014/01. Africa Soil Information Service (AfSIS) project and ISRIC - World Soil Information, Wageningen, the Netherlands. See Annex 4.'";'ExchBases_ph8-unk'
'http://w3id.org/glosis/model/procedure/exchangeableBasesProcedure';'ExchBases_ph-unkn-edta';http://w3id.org/glosis/model/procedure/exchangeableBasesProcedure-ExchBases_ph-unkn-edta;'Exch bases (Ca, Mg, K, Na) unknown buffer, in EDTA solution';"'Leenaars J.G.B., A.J.M. van Oostrum and M. Ruiperez Gonzalez, 2014. Africa Soil Profiles Database, Version 1.2. A compilation of georeferenced and standardised legacy soil profile data for Sub-Saharan Africa (with dataset). ISRIC Report 2014/01. Africa Soil Information Service (AfSIS) project and ISRIC - World Soil Information, Wageningen, the Netherlands. See Annex 4.'	'https://www.isric.org/sites/default/files/isric_report_2014_01.pdf'";'ExchBases_ph-unkn-edta'
'http://w3id.org/glosis/model/procedure/exchangeableBasesProcedure';'ExchBases_ph-unkn-m3';http://w3id.org/glosis/model/procedure/exchangeableBasesProcedure-ExchBases_ph-unkn-m3;'Exch bases (Ca, Mg, K, Na) unknown buffer, in Mehlich3 solution with extractable ppm assumed exchangeable cmolc/kg';'https://doi.org/10.1080/00103628409367568';'ExchBases_ph-unkn-m3'
'http://w3id.org/glosis/model/procedure/exchangeableBasesProcedure';'ExchBases_ph-unkn-m3-spec';http://w3id.org/glosis/model/procedure/exchangeableBasesProcedure-ExchBases_ph-unkn-m3-spec;'Exch bases (Ca, Mg, K, Na) spectrally measured and converted to, unknown buffer, in Mehlich3 solution with extractable ppm assumed exchangeable cmolc/kg';'https://doi.org/10.1080/00103628409367568';'ExchBases_ph-unkn-m3-spec'
'http://w3id.org/glosis/model/procedure/extractableElementsProcedure';'Extr_ap14';http://w3id.org/glosis/model/procedure/extractableElementsProcedure-Extr_ap14;'Method of Saunders and Metelerkamp (anion-exch. resin). Particularly used for available P.';'Saunders and Metelerkamp';'Extr_ap14'
'http://w3id.org/glosis/model/procedure/extractableElementsProcedure';'Extr_ap15';http://w3id.org/glosis/model/procedure/extractableElementsProcedure-Extr_ap15;'Method of Hunter (1975) modified after ISFEI method. Particularly used for available P.';'Hunter, A. 1975. New techniques and equipment for routine soil/plant analytical procedures. In: Soil Management in Tropical America. (eds E. Borremiza & A. Alvarado). N.C. State University, Raleigh, NC.';'Extr_ap15'
'http://w3id.org/glosis/model/procedure/extractableElementsProcedure';'Extr_ap20';http://w3id.org/glosis/model/procedure/extractableElementsProcedure-Extr_ap20;'Olsen (not acid soils) resp. Bray I (acid soils). Particularly used for available P.';"'https://www.isric.org/sites/default/files/isric_report_2014_01.pdf'	'Leenaars J.G.B., A.J.M. van Oostrum and M. Ruiperez Gonzalez, 2014. Africa Soil Profiles Database, Version 1.2. A compilation of georeferenced and standardised legacy soil profile data for Sub-Saharan Africa (with dataset). ISRIC Report 2014/01. Africa Soil Information Service (AfSIS) project and ISRIC - World Soil Information, Wageningen, the Netherlands. See Annex 4.'";'Extr_ap20'
'http://w3id.org/glosis/model/procedure/extractableElementsProcedure';'Extr_ap21';http://w3id.org/glosis/model/procedure/extractableElementsProcedure-Extr_ap21;'Olsen (if pH > 7) resp. Mehlich (if pH < 7). Particularly used for available P.';"'https://www.isric.org/sites/default/files/isric_report_2014_01.pdf'	'Leenaars J.G.B., A.J.M. van Oostrum and M. Ruiperez Gonzalez, 2014. Africa Soil Profiles Database, Version 1.2. A compilation of georeferenced and standardised legacy soil profile data for Sub-Saharan Africa (with dataset). ISRIC Report 2014/01. Africa Soil Information Service (AfSIS) project and ISRIC - World Soil Information, Wageningen, the Netherlands. See Annex 4.'";'Extr_ap21'
'http://w3id.org/glosis/model/procedure/extractableElementsProcedure';'Extr_c6h8o7-reeuwijk';http://w3id.org/glosis/model/procedure/extractableElementsProcedure-Extr_c6h8o7-reeuwijk;'Complexation with citric acid (van Reeuwijk). Particularly used for available P.';'https://www.isric.org/documents/document-type/technical-paper-09-procedures-soil-analysis-6th-edition';'Extr_c6h8o7-reeuwijk'
'http://w3id.org/glosis/model/procedure/extractableElementsProcedure';'Extr_cacl2';http://w3id.org/glosis/model/procedure/extractableElementsProcedure-Extr_cacl2;'CaCl2. Particularly used for soluble P.';"'https://www.isric.org/sites/default/files/isric_report_2014_01.pdf'	'Leenaars J.G.B., A.J.M. van Oostrum and M. Ruiperez Gonzalez, 2014. Africa Soil Profiles Database, Version 1.2. A compilation of georeferenced and standardised legacy soil profile data for Sub-Saharan Africa (with dataset). ISRIC Report 2014/01. Africa Soil Information Service (AfSIS) project and ISRIC - World Soil Information, Wageningen, the Netherlands. See Annex 4.'";'Extr_cacl2'
'http://w3id.org/glosis/model/procedure/extractableElementsProcedure';'Extr_capo4';http://w3id.org/glosis/model/procedure/extractableElementsProcedure-Extr_capo4;'Ca phosphate. Particularly used for available S.';"'https://www.isric.org/sites/default/files/isric_report_2014_01.pdf'	'Leenaars J.G.B., A.J.M. van Oostrum and M. Ruiperez Gonzalez, 2014. Africa Soil Profiles Database, Version 1.2. A compilation of georeferenced and standardised legacy soil profile data for Sub-Saharan Africa (with dataset). ISRIC Report 2014/01. Africa Soil Information Service (AfSIS) project and ISRIC - World Soil Information, Wageningen, the Netherlands. See Annex 4.'";'Extr_capo4'
'http://w3id.org/glosis/model/procedure/extractableElementsProcedure';'Extr_dtpa';http://w3id.org/glosis/model/procedure/extractableElementsProcedure-Extr_dtpa;'DiethyneleTriaminePentaAcetic acid (DTPA) method';'https://doi.org/10.2136/sssaj1978.03615995004200030009x';'Extr_dtpa'
'http://w3id.org/glosis/model/procedure/extractableElementsProcedure';'Extr_edta';http://w3id.org/glosis/model/procedure/extractableElementsProcedure-Extr_edta;'EthyleneDiamineTetraAcetic acid (EDTA) method';'https://journals.lww.com/soilsci/Citation/1954/10000/SOIL_AND_PLANT_STUDIES_WITH_CHELATES_OF.8.aspx';'Extr_edta'
'http://w3id.org/glosis/model/procedure/extractableElementsProcedure';'Extr_h2so4-truog';http://w3id.org/glosis/model/procedure/extractableElementsProcedure-Extr_h2so4-truog;'Method of Truog (dilute H2SO4). Particularly used for available P.';'https://doi.org/10.2134/agronj1930.00021962002200100008x';'Extr_h2so4-truog'
'http://w3id.org/glosis/model/procedure/extractableElementsProcedure';'Extr_hcl-h2so4-nelson';http://w3id.org/glosis/model/procedure/extractableElementsProcedure-Extr_hcl-h2so4-nelson;'Method of Nelson (dilute HCl/H2SO4). Particularly used for available P.';"'Leenaars J.G.B., A.J.M. van Oostrum and M. Ruiperez Gonzalez, 2014. Africa Soil Profiles Database, Version 1.2. A compilation of georeferenced and standardised legacy soil profile data for Sub-Saharan Africa (with dataset). ISRIC Report 2014/01. Africa Soil Information Service (AfSIS) project and ISRIC - World Soil Information, Wageningen, the Netherlands. See Annex 4.'	'https://www.isric.org/sites/default/files/isric_report_2014_01.pdf'";'Extr_hcl-h2so4-nelso'
'http://w3id.org/glosis/model/procedure/extractableElementsProcedure';'Extr_hcl-nh4f-bray1';http://w3id.org/glosis/model/procedure/extractableElementsProcedure-Extr_hcl-nh4f-bray1;'Method of Bray I  (dilute HCl/NH4F). Particularly used for available P.';'https://doi.org/10.1097/00010694-194501000-00006';'Extr_hcl-nh4f-bray1'
'http://w3id.org/glosis/model/procedure/extractableElementsProcedure';'Extr_hcl-nh4f-bray2';http://w3id.org/glosis/model/procedure/extractableElementsProcedure-Extr_hcl-nh4f-bray2;'Method of Bray II (dilute HCl/NH4F). Particularly used for available P.';'https://doi.org/10.1097/00010694-194501000-00006';'Extr_hcl-nh4f-bray2'
'http://w3id.org/glosis/model/procedure/extractableElementsProcedure';'Extr_hcl-nh4f-kurtz-bray';http://w3id.org/glosis/model/procedure/extractableElementsProcedure-Extr_hcl-nh4f-kurtz-bray;'Method of Kurtz-Bray I (0.025 M HCl + 0.03 M NH4F). Particularly used for available P.';'https://doi.org/10.1097/00010694-194501000-00006';'Extr_hcl-nh4f-kurtz-bray'
'http://w3id.org/glosis/model/procedure/extractableElementsProcedure';'Extr_hno3';http://w3id.org/glosis/model/procedure/extractableElementsProcedure-Extr_hno3;'Nitric acid (HNO3) method';'ISO. ISO/DIS 17586 Soil Quality - Extraction of Trace Elements Using Dilute Nitric Acid, 2016;'Extr_hno3'
'http://w3id.org/glosis/model/procedure/extractableElementsProcedure';'Extr_hotwater';http://w3id.org/glosis/model/procedure/extractableElementsProcedure-Extr_hotwater;'Hot water. Particularly used for available B';"'https://www.isric.org/sites/default/files/isric_report_2014_01.pdf'	'Leenaars J.G.B., A.J.M. van Oostrum and M. Ruiperez Gonzalez, 2014. Africa Soil Profiles Database, Version 1.2. A compilation of georeferenced and standardised legacy soil profile data for Sub-Saharan Africa (with dataset). ISRIC Report 2014/01. Africa Soil Information Service (AfSIS) project and ISRIC - World Soil Information, Wageningen, the Netherlands. See Annex 4.'";'Extr_hotwater'
'http://w3id.org/glosis/model/procedure/extractableElementsProcedure';'Extr_m1';http://w3id.org/glosis/model/procedure/extractableElementsProcedure-Extr_m1;'Mehlich1 method';'https://www.ncagr.gov/AGRONOMI/pdffiles/mehlich53.pdf';'Extr_m1'
'http://w3id.org/glosis/model/procedure/extractableElementsProcedure';'Extr_m2';http://w3id.org/glosis/model/procedure/extractableElementsProcedure-Extr_m2;'Mehlich2 method';'https://doi.org/10.1080/00103627609366673';'Extr_m2'
'http://w3id.org/glosis/model/procedure/extractableElementsProcedure';'Extr_m3';http://w3id.org/glosis/model/procedure/extractableElementsProcedure-Extr_m3;'Mehlich3 method (extractant 0.2 N CH3COOH + 0.25 N NH4NO3 + 0.015 N NH4F + 0.013 N HNO3 + 0.001 M EDTA)';'https://doi.org/10.1080/00103628409367568';'Extr_m3'
'http://w3id.org/glosis/model/procedure/extractableElementsProcedure';'Extr_m3-spec';http://w3id.org/glosis/model/procedure/extractableElementsProcedure-Extr_m3-spec;'Spectrally measured and converted to Mehlich3 method (extractant 0.2 N CH3COOH + 0.25 N NH4NO3 + 0.015 N NH4F + 0.013 N HNO3 + 0.001 M EDTA)';'https://doi.org/10.1080/00103628409367568';'Extr_m3-spec'
'http://w3id.org/glosis/model/procedure/extractableElementsProcedure';'Extr_nahco3-olsen';http://w3id.org/glosis/model/procedure/extractableElementsProcedure-Extr_nahco3-olsen;'Method of Olsen (0.5 M Sodium Bicarbonate (NaHCO3) extraction at pH8.5). Particularly used for available P.';'https://acsess.onlinelibrary.wiley.com/doi/book/10.2134/agronmonogr9.2';'Extr_nahco3-ols'
'http://w3id.org/glosis/model/procedure/extractableElementsProcedure';'Extr_nahco3-olsen-dabin';http://w3id.org/glosis/model/procedure/extractableElementsProcedure-Extr_nahco3-olsen-dabin;'Method of Olsen, modified by Dabin (ORSTOM). Particularly used for available P.';'https://docplayer.fr/81912854-Application-des-dosages-automatiques-a-l-analyse-des-sols-2e-partie-par.html';'Extr_nahco3-olsen-dabi'
'http://w3id.org/glosis/model/procedure/extractableElementsProcedure';'Extr_naoac-morgan';http://w3id.org/glosis/model/procedure/extractableElementsProcedure-Extr_naoac-morgan;'Method of Morgan (Na-acetate/acetic acid). Particularly used for available P.';'https://portal.ct.gov/-/media/CAES/DOCUMENTS/Publications/Bulletins/B450pdf.pdf?la=en';'Extr_naoac-morga'
'http://w3id.org/glosis/model/procedure/extractableElementsProcedure';'Extr_nh4ch3ch-oh-cooh-leuven';http://w3id.org/glosis/model/procedure/extractableElementsProcedure-Extr_nh4ch3ch-oh-cooh-leuven;'NH4-lactate extraction method (KU-Leuven). Particularly used for available P.';"'Leenaars J.G.B., A.J.M. van Oostrum and M. Ruiperez Gonzalez, 2014. Africa Soil Profiles Database, Version 1.2. A compilation of georeferenced and standardised legacy soil profile data for Sub-Saharan Africa (with dataset). ISRIC Report 2014/01. Africa Soil Information Service (AfSIS) project and ISRIC - World Soil Information, Wageningen, the Netherlands. See Annex 4.'	'https://www.isric.org/sites/default/files/isric_report_2014_01.pdf'";'Extr_nh4ch3ch-oh-cooh-leuv'
'http://w3id.org/glosis/model/procedure/extractableElementsProcedure';'Extr_nh4-co3-2-ambic1';http://w3id.org/glosis/model/procedure/extractableElementsProcedure-Extr_nh4-co3-2-ambic1;'Ambic1 method (ammonium bicarbonate) (South Africa). Particularly used for available P.';"'https://www.isric.org/sites/default/files/isric_report_2014_01.pdf'	'Leenaars J.G.B., A.J.M. van Oostrum and M. Ruiperez Gonzalez, 2014. Africa Soil Profiles Database, Version 1.2. A compilation of georeferenced and standardised legacy soil profile data for Sub-Saharan Africa (with dataset). ISRIC Report 2014/01. Africa Soil Information Service (AfSIS) project and ISRIC - World Soil Information, Wageningen, the Netherlands. See Annex 4.'";'Extr_nh4-co3-2-ambic1'
'http://w3id.org/glosis/model/procedure/pSAProcedure';'fldest';http://w3id.org/glosis/model/procedure/pSAProcedure-fldest;'Field estimate of the particle size distribution, typically done by hand';"'https://www.isric.org/sites/default/files/isric_report_2014_01.pdf'	'Leenaars J.G.B., A.J.M. van Oostrum and M. Ruiperez Gonzalez, 2014. Africa Soil Profiles Database, Version 1.2. A compilation of georeferenced and standardised legacy soil profile data for Sub-Saharan Africa (with dataset). ISRIC Report 2014/01. Africa Soil Information Service (AfSIS) project and ISRIC - World Soil Information, Wageningen, the Netherlands. See Annex 4.'";'field estimate'
'http://w3id.org/glosis/model/procedure/organicMatterProcedure';'FulAcidC_unkn';http://w3id.org/glosis/model/procedure/organicMatterProcedure-FulAcidC_unkn;'Fulvic acid carbon_unknown method';"'Leenaars J.G.B., A.J.M. van Oostrum and M. Ruiperez Gonzalez, 2014. Africa Soil Profiles Database, Version 1.2. A compilation of georeferenced and standardised legacy soil profile data for Sub-Saharan Africa (with dataset). ISRIC Report 2014/01. Africa Soil Information Service (AfSIS) project and ISRIC - World Soil Information, Wageningen, the Netherlands. See Annex 4.'	'https://www.isric.org/sites/default/files/isric_report_2014_01.pdf'";'FulAcidC_unk'
'http://w3id.org/glosis/model/procedure/organicMatterProcedure';'HumAcidC_unkn';http://w3id.org/glosis/model/procedure/organicMatterProcedure-HumAcidC_unkn;'Humic acid carbon_unknown method';"'Leenaars J.G.B., A.J.M. van Oostrum and M. Ruiperez Gonzalez, 2014. Africa Soil Profiles Database, Version 1.2. A compilation of georeferenced and standardised legacy soil profile data for Sub-Saharan Africa (with dataset). ISRIC Report 2014/01. Africa Soil Information Service (AfSIS) project and ISRIC - World Soil Information, Wageningen, the Netherlands. See Annex 4.'	'https://www.isric.org/sites/default/files/isric_report_2014_01.pdf'";'HumAcidC_unk'
'http://w3id.org/glosis/model/procedure/pSAProcedure';'hydrometer-disp';http://w3id.org/glosis/model/procedure/pSAProcedure-hydrometer-disp;'Particle size analysis with hydrometer (bouyoucos) method with appropriate dispersion of the primary particles and pretreatment to remove cementing particles (organic matter, carbonates)';"'Leenaars J.G.B., A.J.M. van Oostrum and M. Ruiperez Gonzalez, 2014. Africa Soil Profiles Database, Version 1.2. A compilation of georeferenced and standardised legacy soil profile data for Sub-Saharan Africa (with dataset). ISRIC Report 2014/01. Africa Soil Information Service (AfSIS) project and ISRIC - World Soil Information, Wageningen, the Netherlands. See Annex 4.'	'https://www.isric.org/sites/default/files/isric_report_2014_01.pdf'";'hydrometer (bouyoucos)-dispersion'
'http://w3id.org/glosis/model/procedure/pSAProcedure';'hydrometer-disp-spec';http://w3id.org/glosis/model/procedure/pSAProcedure-hydrometer-disp-spec;'Spectrally predicted based on measurments with the hydrometer (bouyoucos) method with appropriate dispersion of the primary particles and pretreatment to remove cementing particles (organic matter, carbonates)';"'Leenaars J.G.B., A.J.M. van Oostrum and M. Ruiperez Gonzalez, 2014. Africa Soil Profiles Database, Version 1.2. A compilation of georeferenced and standardised legacy soil profile data for Sub-Saharan Africa (with dataset). ISRIC Report 2014/01. Africa Soil Information Service (AfSIS) project and ISRIC - World Soil Information, Wageningen, the Netherlands. See Annex 4.'	'https://www.isric.org/sites/default/files/isric_report_2014_01.pdf'";'hydrometer (bouyoucos)-dispersion-spectral'
'http://w3id.org/glosis/model/procedure/pSAProcedure';'hydrometer-nodisp';http://w3id.org/glosis/model/procedure/pSAProcedure-hydrometer-nodisp;'Particle size analysis with hydrometer (bouyoucos) method with no dispersion of the primary particles and removal of cementing particles (organic matter, carbonates)';"'https://www.isric.org/sites/default/files/isric_report_2014_01.pdf'	'Leenaars J.G.B., A.J.M. van Oostrum and M. Ruiperez Gonzalez, 2014. Africa Soil Profiles Database, Version 1.2. A compilation of georeferenced and standardised legacy soil profile data for Sub-Saharan Africa (with dataset). ISRIC Report 2014/01. Africa Soil Information Service (AfSIS) project and ISRIC - World Soil Information, Wageningen, the Netherlands. See Annex 4.'";'hydrometer (bouyoucos)-no_dispersion'
'http://w3id.org/glosis/model/procedure/pSAProcedure';'hydrometer-nodisp-spec';http://w3id.org/glosis/model/procedure/pSAProcedure-hydrometer-nodisp-spec;'Spectrally predicted based on measurments with the hydrometer (bouyoucos) method with no dispersion of the primary particles and pretreatment to remove cementing particles (organic matter, carbonates)';"'Leenaars J.G.B., A.J.M. van Oostrum and M. Ruiperez Gonzalez, 2014. Africa Soil Profiles Database, Version 1.2. A compilation of georeferenced and standardised legacy soil profile data for Sub-Saharan Africa (with dataset). ISRIC Report 2014/01. Africa Soil Information Service (AfSIS) project and ISRIC - World Soil Information, Wageningen, the Netherlands. See Annex 4.'	'https://www.isric.org/sites/default/files/isric_report_2014_01.pdf'";'hydrometer (bouyoucos)-no_dispersion-spectral'
'http://w3id.org/glosis/model/procedure/pSAProcedure';'hydrometer-unkdisp';http://w3id.org/glosis/model/procedure/pSAProcedure-hydrometer-unkdisp;'Particle size analysis with hydrometer (bouyoucos) method unknown dispersion of the primary particles and pretreatment to remove cementing particles (organic matter, carbonates)';"'Leenaars J.G.B., A.J.M. van Oostrum and M. Ruiperez Gonzalez, 2014. Africa Soil Profiles Database, Version 1.2. A compilation of georeferenced and standardised legacy soil profile data for Sub-Saharan Africa (with dataset). ISRIC Report 2014/01. Africa Soil Information Service (AfSIS) project and ISRIC - World Soil Information, Wageningen, the Netherlands. See Annex 4.'	'https://www.isric.org/sites/default/files/isric_report_2014_01.pdf'";'hydrometer (bouyoucos)-unknown_dispersion'
'http://w3id.org/glosis/model/procedure/pSAProcedure';'hydrometer-unkdisp-spec';http://w3id.org/glosis/model/procedure/pSAProcedure-hydrometer-unkdisp-spec;'Spectrally predicted based on measurments with the hydrometer (bouyoucos) method unknown dispersion of the primary particles and pretreatment to remove cementing particles (organic matter, carbonates)';"'https://www.isric.org/sites/default/files/isric_report_2014_01.pdf'	'Leenaars J.G.B., A.J.M. van Oostrum and M. Ruiperez Gonzalez, 2014. Africa Soil Profiles Database, Version 1.2. A compilation of georeferenced and standardised legacy soil profile data for Sub-Saharan Africa (with dataset). ISRIC Report 2014/01. Africa Soil Information Service (AfSIS) project and ISRIC - World Soil Information, Wageningen, the Netherlands. See Annex 4.'";'hydrometer (bouyoucos)-unknown_dispersion-spectral'
'http://w3id.org/glosis/model/procedure/carbonInorganicProcedure';'InOrgC_calcul-caco3';http://w3id.org/glosis/model/procedure/carbonInorganicProcedure-InOrgC_calcul-caco3;'Indirect estimate from total carbonate equivalent, with a factor of 0.12 (molar weights: CaCO3 100g/mol, C 12g/mol)';"'Leenaars J.G.B., A.J.M. van Oostrum and M. Ruiperez Gonzalez, 2014. Africa Soil Profiles Database, Version 1.2. A compilation of georeferenced and standardised legacy soil profile data for Sub-Saharan Africa (with dataset). ISRIC Report 2014/01. Africa Soil Information Service (AfSIS) project and ISRIC - World Soil Information, Wageningen, the Netherlands. See Annex 4.'	'https://www.isric.org/sites/default/files/isric_report_2014_01.pdf'";'InOrgC_calcul-caco3'
'http://w3id.org/glosis/model/procedure/carbonInorganicProcedure';'InOrgC_calcul-tc-oc';http://w3id.org/glosis/model/procedure/carbonInorganicProcedure-InOrgC_calcul-tc-oc;'Indirect estimate (total carbon minus organic carbon = inorganic carbon)';"'https://www.isric.org/sites/default/files/isric_report_2014_01.pdf'	'Leenaars J.G.B., A.J.M. van Oostrum and M. Ruiperez Gonzalez, 2014. Africa Soil Profiles Database, Version 1.2. A compilation of georeferenced and standardised legacy soil profile data for Sub-Saharan Africa (with dataset). ISRIC Report 2014/01. Africa Soil Information Service (AfSIS) project and ISRIC - World Soil Information, Wageningen, the Netherlands. See Annex 4.'";'InOrgC_calcul-tc-oc'
'http://w3id.org/glosis/model/procedure/hydraulicConductivityProcedure';'Ksat_bhole';http://w3id.org/glosis/model/procedure/hydraulicConductivityProcedure-Ksat_bhole;'Saturated hydraulic conductivity. Bore hole method';"'Leenaars J.G.B., A.J.M. van Oostrum and M. Ruiperez Gonzalez, 2014. Africa Soil Profiles Database, Version 1.2. A compilation of georeferenced and standardised legacy soil profile data for Sub-Saharan Africa (with dataset). ISRIC Report 2014/01. Africa Soil Information Service (AfSIS) project and ISRIC - World Soil Information, Wageningen, the Netherlands. See Annex 4.'	'https://www.isric.org/sites/default/files/isric_report_2014_01.pdf'";'Ksat_bhol'
'http://w3id.org/glosis/model/procedure/hydraulicConductivityProcedure';'KSat_calcul-ptf';http://w3id.org/glosis/model/procedure/hydraulicConductivityProcedure-KSat_calcul-ptf;'Saturated hydraulic conductivity.';"'Leenaars J.G.B., A.J.M. van Oostrum and M. Ruiperez Gonzalez, 2014. Africa Soil Profiles Database, Version 1.2. A compilation of georeferenced and standardised legacy soil profile data for Sub-Saharan Africa (with dataset). ISRIC Report 2014/01. Africa Soil Information Service (AfSIS) project and ISRIC - World Soil Information, Wageningen, the Netherlands. See Annex 4.'	'https://www.isric.org/sites/default/files/isric_report_2014_01.pdf'";'KSat_calcul-ptf'
'http://w3id.org/glosis/model/procedure/hydraulicConductivityProcedure';'KSat_calcul-ptf-genuchten';http://w3id.org/glosis/model/procedure/hydraulicConductivityProcedure-KSat_calcul-ptf-genuchten;'Saturated and not saturated hydraulic conductivity.';"'https://www.isric.org/sites/default/files/isric_report_2014_01.pdf'	'Leenaars J.G.B., A.J.M. van Oostrum and M. Ruiperez Gonzalez, 2014. Africa Soil Profiles Database, Version 1.2. A compilation of georeferenced and standardised legacy soil profile data for Sub-Saharan Africa (with dataset). ISRIC Report 2014/01. Africa Soil Information Service (AfSIS) project and ISRIC - World Soil Information, Wageningen, the Netherlands. See Annex 4.'";'KSat_calcul-ptf-genucht'
'http://w3id.org/glosis/model/procedure/hydraulicConductivityProcedure';'KSat_calcul-ptf-saxton';http://w3id.org/glosis/model/procedure/hydraulicConductivityProcedure-KSat_calcul-ptf-saxton;'Saturated hydraulic conductivity.';"'https://www.isric.org/sites/default/files/isric_report_2014_01.pdf'	'Leenaars J.G.B., A.J.M. van Oostrum and M. Ruiperez Gonzalez, 2014. Africa Soil Profiles Database, Version 1.2. A compilation of georeferenced and standardised legacy soil profile data for Sub-Saharan Africa (with dataset). ISRIC Report 2014/01. Africa Soil Information Service (AfSIS) project and ISRIC - World Soil Information, Wageningen, the Netherlands. See Annex 4.'";'KSat_calcul-ptf-saxto'
'http://w3id.org/glosis/model/procedure/hydraulicConductivityProcedure';'Ksat_column';http://w3id.org/glosis/model/procedure/hydraulicConductivityProcedure-Ksat_column;'Saturated hydraulic conductivity. Permeability in cm/hr determined in column filled with fine earth fraction';"'Leenaars J.G.B., A.J.M. van Oostrum and M. Ruiperez Gonzalez, 2014. Africa Soil Profiles Database, Version 1.2. A compilation of georeferenced and standardised legacy soil profile data for Sub-Saharan Africa (with dataset). ISRIC Report 2014/01. Africa Soil Information Service (AfSIS) project and ISRIC - World Soil Information, Wageningen, the Netherlands. See Annex 4.'	'https://www.isric.org/sites/default/files/isric_report_2014_01.pdf'";'Ksat_colum'
'http://w3id.org/glosis/model/procedure/hydraulicConductivityProcedure';'Ksat_dblring';http://w3id.org/glosis/model/procedure/hydraulicConductivityProcedure-Ksat_dblring;'Saturated hydraulic conductivity. Double ring method';"'Leenaars J.G.B., A.J.M. van Oostrum and M. Ruiperez Gonzalez, 2014. Africa Soil Profiles Database, Version 1.2. A compilation of georeferenced and standardised legacy soil profile data for Sub-Saharan Africa (with dataset). ISRIC Report 2014/01. Africa Soil Information Service (AfSIS) project and ISRIC - World Soil Information, Wageningen, the Netherlands. See Annex 4.'	'https://www.isric.org/sites/default/files/isric_report_2014_01.pdf'";'Ksat_dblring'
'http://w3id.org/glosis/model/procedure/hydraulicConductivityProcedure';'Ksat_invbhole';http://w3id.org/glosis/model/procedure/hydraulicConductivityProcedure-Ksat_invbhole;'Saturated hydraulic conductivity. Inverse bore hole method';"'Leenaars J.G.B., A.J.M. van Oostrum and M. Ruiperez Gonzalez, 2014. Africa Soil Profiles Database, Version 1.2. A compilation of georeferenced and standardised legacy soil profile data for Sub-Saharan Africa (with dataset). ISRIC Report 2014/01. Africa Soil Information Service (AfSIS) project and ISRIC - World Soil Information, Wageningen, the Netherlands. See Annex 4.'	'https://www.isric.org/sites/default/files/isric_report_2014_01.pdf'";'Ksat_invbhol'
'http://w3id.org/glosis/model/procedure/pSAProcedure';'laser-disp';http://w3id.org/glosis/model/procedure/pSAProcedure-laser-disp;'Particle size analysis with laser diffraction with appropriate disperson of the primary particles and pretreatment to remove cementing particles (organic matter, carbonates)';"'https://www.isric.org/sites/default/files/isric_report_2014_01.pdf'	'Leenaars J.G.B., A.J.M. van Oostrum and M. Ruiperez Gonzalez, 2014. Africa Soil Profiles Database, Version 1.2. A compilation of georeferenced and standardised legacy soil profile data for Sub-Saharan Africa (with dataset). ISRIC Report 2014/01. Africa Soil Information Service (AfSIS) project and ISRIC - World Soil Information, Wageningen, the Netherlands. See Annex 4.'";'laser diffraction-dispersion'
'http://w3id.org/glosis/model/procedure/pSAProcedure';'laser-disp-spec';http://w3id.org/glosis/model/procedure/pSAProcedure-laser-disp-spec;'Spectrally predicted based on measurments with laser diffraction analysis with appropriate disperson of the primary particles and pretreatment to remove cementing particles (organic matter, carbonates)';"'https://www.isric.org/sites/default/files/isric_report_2014_01.pdf'	'Leenaars J.G.B., A.J.M. van Oostrum and M. Ruiperez Gonzalez, 2014. Africa Soil Profiles Database, Version 1.2. A compilation of georeferenced and standardised legacy soil profile data for Sub-Saharan Africa (with dataset). ISRIC Report 2014/01. Africa Soil Information Service (AfSIS) project and ISRIC - World Soil Information, Wageningen, the Netherlands. See Annex 4.'";'laser diffraction-dispersion-spectral'
'http://w3id.org/glosis/model/procedure/pSAProcedure';'laser-nodisp';http://w3id.org/glosis/model/procedure/pSAProcedure-laser-nodisp;'Particle size analysis with laser diffraction with no dispersion of the primary particles and pretreatment to remove cementing particles (organic matter, carbonates)';"'Leenaars J.G.B., A.J.M. van Oostrum and M. Ruiperez Gonzalez, 2014. Africa Soil Profiles Database, Version 1.2. A compilation of georeferenced and standardised legacy soil profile data for Sub-Saharan Africa (with dataset). ISRIC Report 2014/01. Africa Soil Information Service (AfSIS) project and ISRIC - World Soil Information, Wageningen, the Netherlands. See Annex 4.'	'https://www.isric.org/sites/default/files/isric_report_2014_01.pdf'";'laser diffraction-no_dispersion'
'http://w3id.org/glosis/model/procedure/pSAProcedure';'laser-nodisp-spec';http://w3id.org/glosis/model/procedure/pSAProcedure-laser-nodisp-spec;'Spectrally predicted based on measurments with laser diffraction analysis with no dispersion of the primary particles and pretreatment to remove cementing particles (organic matter, carbonates)';"'Leenaars J.G.B., A.J.M. van Oostrum and M. Ruiperez Gonzalez, 2014. Africa Soil Profiles Database, Version 1.2. A compilation of georeferenced and standardised legacy soil profile data for Sub-Saharan Africa (with dataset). ISRIC Report 2014/01. Africa Soil Information Service (AfSIS) project and ISRIC - World Soil Information, Wageningen, the Netherlands. See Annex 4.'	'https://www.isric.org/sites/default/files/isric_report_2014_01.pdf'";'laser diffraction-no_dispersion-spectral'
'http://w3id.org/glosis/model/procedure/pSAProcedure';'laser-unkdisp';http://w3id.org/glosis/model/procedure/pSAProcedure-laser-unkdisp;'Particle size analysis with laser diffraction with unknown dispersion of the primary particles and pretreatment to remove cementing particles (organic matter, carbonates)';"'Leenaars J.G.B., A.J.M. van Oostrum and M. Ruiperez Gonzalez, 2014. Africa Soil Profiles Database, Version 1.2. A compilation of georeferenced and standardised legacy soil profile data for Sub-Saharan Africa (with dataset). ISRIC Report 2014/01. Africa Soil Information Service (AfSIS) project and ISRIC - World Soil Information, Wageningen, the Netherlands. See Annex 4.'	'https://www.isric.org/sites/default/files/isric_report_2014_01.pdf'";'laser diffraction-unknown_dispersion'
'http://w3id.org/glosis/model/procedure/pSAProcedure';'laser-unkdisp-spec';http://w3id.org/glosis/model/procedure/pSAProcedure-laser-unkdisp-spec;'Spectrally predicted based on measurments with laser diffraction analysis with unknown dispersion of the primary particles and pretreatment to remove cementing particles (organic matter, carbonates)';"'https://www.isric.org/sites/default/files/isric_report_2014_01.pdf'	'Leenaars J.G.B., A.J.M. van Oostrum and M. Ruiperez Gonzalez, 2014. Africa Soil Profiles Database, Version 1.2. A compilation of georeferenced and standardised legacy soil profile data for Sub-Saharan Africa (with dataset). ISRIC Report 2014/01. Africa Soil Information Service (AfSIS) project and ISRIC - World Soil Information, Wageningen, the Netherlands. See Annex 4.'";'laser diffraction-unknown_dispersion-spectral'
'http://w3id.org/glosis/model/procedure/carbonOrganicProcedure';'OrgC_acid-dc';http://w3id.org/glosis/model/procedure/carbonOrganicProcedure-OrgC_acid-dc;'Acidified dry combustion or dry oxidation methods (after removal of carbonates)';"'https://www.isric.org/sites/default/files/isric_report_2014_01.pdf'	'Leenaars J.G.B., A.J.M. van Oostrum and M. Ruiperez Gonzalez, 2014. Africa Soil Profiles Database, Version 1.2. A compilation of georeferenced and standardised legacy soil profile data for Sub-Saharan Africa (with dataset). ISRIC Report 2014/01. Africa Soil Information Service (AfSIS) project and ISRIC - World Soil Information, Wageningen, the Netherlands. See Annex 4.'";'OrgC_acid-dc'
'http://w3id.org/glosis/model/procedure/carbonOrganicProcedure';'OrgC_acid-dc-ht';http://w3id.org/glosis/model/procedure/carbonOrganicProcedure-OrgC_acid-dc-ht;'Acidified. Dry combustion at 1200 C and colometric CO2 measurement (Schlichting et al. 1995)';'Schlichting E, Blume HP, Stahr K (1995) Soils Practical (in German). Blackwell, Berlin';'OrgC_acid-dc-ht'
'http://w3id.org/glosis/model/procedure/carbonOrganicProcedure';'OrgC_acid-dc-ht-analyser';http://w3id.org/glosis/model/procedure/carbonOrganicProcedure-OrgC_acid-dc-ht-analyser;'Acidified. Furnace combustion (e.g., LECO combustion analyzer, Dumas method)';"'https://www.isric.org/sites/default/files/isric_report_2014_01.pdf'	'Leenaars J.G.B., A.J.M. van Oostrum and M. Ruiperez Gonzalez, 2014. Africa Soil Profiles Database, Version 1.2. A compilation of georeferenced and standardised legacy soil profile data for Sub-Saharan Africa (with dataset). ISRIC Report 2014/01. Africa Soil Information Service (AfSIS) project and ISRIC - World Soil Information, Wageningen, the Netherlands. See Annex 4.'";'OrgC_acid-dc-ht-analyser'
'http://w3id.org/glosis/model/procedure/carbonOrganicProcedure';'OrgC_acid-dc-lt';http://w3id.org/glosis/model/procedure/carbonOrganicProcedure-OrgC_acid-dc-lt;'Acidified. Dry combustion at 500 C';"'https://www.isric.org/sites/default/files/isric_report_2014_01.pdf'	'Leenaars J.G.B., A.J.M. van Oostrum and M. Ruiperez Gonzalez, 2014. Africa Soil Profiles Database, Version 1.2. A compilation of georeferenced and standardised legacy soil profile data for Sub-Saharan Africa (with dataset). ISRIC Report 2014/01. Africa Soil Information Service (AfSIS) project and ISRIC - World Soil Information, Wageningen, the Netherlands. See Annex 4.'";'OrgC_acid-dc-lt'
'http://w3id.org/glosis/model/procedure/carbonOrganicProcedure';'OrgC_acid-dc-lt-loi';http://w3id.org/glosis/model/procedure/carbonOrganicProcedure-OrgC_acid-dc-lt-loi;'Acidified. Loss on ignition (NL)';"'https://www.isric.org/sites/default/files/isric_report_2014_01.pdf'	'Leenaars J.G.B., A.J.M. van Oostrum and M. Ruiperez Gonzalez, 2014. Africa Soil Profiles Database, Version 1.2. A compilation of georeferenced and standardised legacy soil profile data for Sub-Saharan Africa (with dataset). ISRIC Report 2014/01. Africa Soil Information Service (AfSIS) project and ISRIC - World Soil Information, Wageningen, the Netherlands. See Annex 4.'";'OrgC_acid-dc-lt-loi'
'http://w3id.org/glosis/model/procedure/carbonOrganicProcedure';'OrgC_acid-dc-mt';http://w3id.org/glosis/model/procedure/carbonOrganicProcedure-OrgC_acid-dc-mt;'Acidified. Dry combustion at 840 C';"'Leenaars J.G.B., A.J.M. van Oostrum and M. Ruiperez Gonzalez, 2014. Africa Soil Profiles Database, Version 1.2. A compilation of georeferenced and standardised legacy soil profile data for Sub-Saharan Africa (with dataset). ISRIC Report 2014/01. Africa Soil Information Service (AfSIS) project and ISRIC - World Soil Information, Wageningen, the Netherlands. See Annex 4.'	'https://www.isric.org/sites/default/files/isric_report_2014_01.pdf'";'OrgC_acid-dc-mt'
'http://w3id.org/glosis/model/procedure/carbonOrganicProcedure';'OrgC_acid-dc-spec';http://w3id.org/glosis/model/procedure/carbonOrganicProcedure-OrgC_acid-dc-spec;'Spectrally measured and converted to Acidified dry combustion or dry oxidation methods (after removal of carbonates)';"'https://www.isric.org/sites/default/files/isric_report_2014_01.pdf'	'Leenaars J.G.B., A.J.M. van Oostrum and M. Ruiperez Gonzalez, 2014. Africa Soil Profiles Database, Version 1.2. A compilation of georeferenced and standardised legacy soil profile data for Sub-Saharan Africa (with dataset). ISRIC Report 2014/01. Africa Soil Information Service (AfSIS) project and ISRIC - World Soil Information, Wageningen, the Netherlands. See Annex 4.'";'OrgC_acid-dc-spec'
'http://w3id.org/glosis/model/procedure/carbonOrganicProcedure';'OrgC_calcul-tc-ic';http://w3id.org/glosis/model/procedure/carbonOrganicProcedure-OrgC_calcul-tc-ic;'Calculated as total carbon minus inorganic carbon';"'https://www.isric.org/sites/default/files/isric_report_2014_01.pdf'	'Leenaars J.G.B., A.J.M. van Oostrum and M. Ruiperez Gonzalez, 2014. Africa Soil Profiles Database, Version 1.2. A compilation of georeferenced and standardised legacy soil profile data for Sub-Saharan Africa (with dataset). ISRIC Report 2014/01. Africa Soil Information Service (AfSIS) project and ISRIC - World Soil Information, Wageningen, the Netherlands. See Annex 4.'";'OrgC_calcul-tc-ic'
'http://w3id.org/glosis/model/procedure/carbonOrganicProcedure';'OrgC_dc';http://w3id.org/glosis/model/procedure/carbonOrganicProcedure-OrgC_dc;'Unacidified. Dry combustion or dry oxidation methods (without prior removal of carbonates)';"'Leenaars J.G.B., A.J.M. van Oostrum and M. Ruiperez Gonzalez, 2014. Africa Soil Profiles Database, Version 1.2. A compilation of georeferenced and standardised legacy soil profile data for Sub-Saharan Africa (with dataset). ISRIC Report 2014/01. Africa Soil Information Service (AfSIS) project and ISRIC - World Soil Information, Wageningen, the Netherlands. See Annex 4.'	'https://www.isric.org/sites/default/files/isric_report_2014_01.pdf'";'OrgC_dc'
'http://w3id.org/glosis/model/procedure/carbonOrganicProcedure';'OrgC_dc-ht';http://w3id.org/glosis/model/procedure/carbonOrganicProcedure-OrgC_dc-ht;'Unacidified. Dry combustion at high temperature (e.g. 1200 C and colometric CO2 measurement (Schlichting et al. 1995)';'Schlichting E, Blume HP, Stahr K (1995) Soils Practical (in German). Blackwell, Berlin';'OrgC_dc-ht'
'http://w3id.org/glosis/model/procedure/carbonOrganicProcedure';'OrgC_dc-ht-analyser';http://w3id.org/glosis/model/procedure/carbonOrganicProcedure-OrgC_dc-ht-analyser;'Unacidified. Dry combustion by furnace (e.g., LECO combustion analyzer, Dumas method). Is total Carbon?';"'Leenaars J.G.B., A.J.M. van Oostrum and M. Ruiperez Gonzalez, 2014. Africa Soil Profiles Database, Version 1.2. A compilation of georeferenced and standardised legacy soil profile data for Sub-Saharan Africa (with dataset). ISRIC Report 2014/01. Africa Soil Information Service (AfSIS) project and ISRIC - World Soil Information, Wageningen, the Netherlands. See Annex 4.'	'https://www.isric.org/sites/default/files/isric_report_2014_01.pdf'";'OrgC_dc-ht-analyser'
'http://w3id.org/glosis/model/procedure/carbonOrganicProcedure';'OrgC_dc-lt';http://w3id.org/glosis/model/procedure/carbonOrganicProcedure-OrgC_dc-lt;'Unacidified. Dry combustion at low temperature e.g. 500 C';"'Leenaars J.G.B., A.J.M. van Oostrum and M. Ruiperez Gonzalez, 2014. Africa Soil Profiles Database, Version 1.2. A compilation of georeferenced and standardised legacy soil profile data for Sub-Saharan Africa (with dataset). ISRIC Report 2014/01. Africa Soil Information Service (AfSIS) project and ISRIC - World Soil Information, Wageningen, the Netherlands. See Annex 4.'	'https://www.isric.org/sites/default/files/isric_report_2014_01.pdf'";'OrgC_dc-lt'
'http://w3id.org/glosis/model/procedure/carbonOrganicProcedure';'OrgC_dc-lt-loi';http://w3id.org/glosis/model/procedure/carbonOrganicProcedure-OrgC_dc-lt-loi;'Unacidified. Loss on ignition (NL) is total Organic Carbon';"'https://www.isric.org/sites/default/files/isric_report_2014_01.pdf'	'Leenaars J.G.B., A.J.M. van Oostrum and M. Ruiperez Gonzalez, 2014. Africa Soil Profiles Database, Version 1.2. A compilation of georeferenced and standardised legacy soil profile data for Sub-Saharan Africa (with dataset). ISRIC Report 2014/01. Africa Soil Information Service (AfSIS) project and ISRIC - World Soil Information, Wageningen, the Netherlands. See Annex 4.'";'OrgC_dc-lt-loi'
'http://w3id.org/glosis/model/procedure/carbonOrganicProcedure';'OrgC_dc-mt';http://w3id.org/glosis/model/procedure/carbonOrganicProcedure-OrgC_dc-mt;'Unacidified. Dry combustion at medium temperature e.g. 840 C';"'Leenaars J.G.B., A.J.M. van Oostrum and M. Ruiperez Gonzalez, 2014. Africa Soil Profiles Database, Version 1.2. A compilation of georeferenced and standardised legacy soil profile data for Sub-Saharan Africa (with dataset). ISRIC Report 2014/01. Africa Soil Information Service (AfSIS) project and ISRIC - World Soil Information, Wageningen, the Netherlands. See Annex 4.'	'https://www.isric.org/sites/default/files/isric_report_2014_01.pdf'";'OrgC_dc-mt'
'http://w3id.org/glosis/model/procedure/carbonOrganicProcedure';'OrgC_dc-spec';http://w3id.org/glosis/model/procedure/carbonOrganicProcedure-OrgC_dc-spec;'Spectrally measured and converted to Unacidified Dry combustion or dry oxidation methods';"'https://www.isric.org/sites/default/files/isric_report_2014_01.pdf'	'Leenaars J.G.B., A.J.M. van Oostrum and M. Ruiperez Gonzalez, 2014. Africa Soil Profiles Database, Version 1.2. A compilation of georeferenced and standardised legacy soil profile data for Sub-Saharan Africa (with dataset). ISRIC Report 2014/01. Africa Soil Information Service (AfSIS) project and ISRIC - World Soil Information, Wageningen, the Netherlands. See Annex 4.'";'OrgC_dc-spec'
'http://w3id.org/glosis/model/procedure/carbonOrganicProcedure';'OrgC_wc';http://w3id.org/glosis/model/procedure/carbonOrganicProcedure-OrgC_wc;'Wet oxidation or wet combustion methods';;'OrgC_wc'
'http://w3id.org/glosis/model/procedure/carbonOrganicProcedure';'OrgC_wc-cro3-jackson';http://w3id.org/glosis/model/procedure/carbonOrganicProcedure-OrgC_wc-cro3-jackson;'Wet oxidation according to Jackson (1958) with chromic acid digestion';'Jackson, M. L. (1958) Soil Chemical Analysis. Prentice-Hall, Englewood Cliffs, New Jersey.';'OrgC_wc-cro3-jackso'
'http://w3id.org/glosis/model/procedure/carbonOrganicProcedure';'OrgC_wc-cro3-kalembra';http://w3id.org/glosis/model/procedure/carbonOrganicProcedure-OrgC_wc-cro3-kalembra;'Wet oxidation according to Kalembra and Jenkinson (1973) with acid dichromate';'https://doi.org/10.1002/jsfa.2740240910';'OrgC_wc-cro3-kalembra'
'http://w3id.org/glosis/model/procedure/carbonOrganicProcedure';'OrgC_wc-cro3-knopp';http://w3id.org/glosis/model/procedure/carbonOrganicProcedure-OrgC_wc-cro3-knopp;'Wet oxidation according to Knopp with chromic acid and gravimetric determination of CO2';"'Leenaars J.G.B., A.J.M. van Oostrum and M. Ruiperez Gonzalez, 2014. Africa Soil Profiles Database, Version 1.2. A compilation of georeferenced and standardised legacy soil profile data for Sub-Saharan Africa (with dataset). ISRIC Report 2014/01. Africa Soil Information Service (AfSIS) project and ISRIC - World Soil Information, Wageningen, the Netherlands. See Annex 4.'	'https://www.isric.org/sites/default/files/isric_report_2014_01.pdf'";'OrgC_wc-cro3-knopp'
'http://w3id.org/glosis/model/procedure/carbonOrganicProcedure';'OrgC_wc-cro3-kurmies';http://w3id.org/glosis/model/procedure/carbonOrganicProcedure-OrgC_wc-cro3-kurmies;'Wet oxidation according to Kurmies with K2Cr2O7+H2SO4';'B. KURMIES, Z. Pflanzenernï¿½ï¿½ï¿½ï¿½ï¿½ï¿½hr. Dung. u Bodenk.;'OrgC_wc-cro3-kurmies'
'http://w3id.org/glosis/model/procedure/carbonOrganicProcedure';'OrgC_wc-cro3-nelson';http://w3id.org/glosis/model/procedure/carbonOrganicProcedure-OrgC_wc-cro3-nelson;'Wet oxidation according to Nelson and Sommers (1996)';'Nelson and Sommers (1996) in: Sparks DL (ed.). Soil Sci. Soc. Am. book series 5, part 3, pp 961-1010.';'OrgC_wc-cro3-nelso'
'http://w3id.org/glosis/model/procedure/carbonOrganicProcedure';'OrgC_wc-cro3-nrcs6a1c';http://w3id.org/glosis/model/procedure/carbonOrganicProcedure-OrgC_wc-cro3-nrcs6a1c;'Wet oxidation according to USDA-NRCS method 6A1c with acid dichromate digestion, FeSO4 titration, automatic titrator';'https://www.nrcs.usda.gov/Internet/FSE_DOCUMENTS/stelprdb1253872.pdf';'OrgC_wc-cro3-nrcs6a1c'
'http://w3id.org/glosis/model/procedure/carbonOrganicProcedure';'OrgC_wc-cro3-tiurin';http://w3id.org/glosis/model/procedure/carbonOrganicProcedure-OrgC_wc-cro3-tiurin;'Wet oxidation according to Tiurin with K-dichromate';'I. V. TIURIN, Pochvovodenie (Pedology), (1931) 36.';'OrgC_wc-cro3-tiuri'
'http://w3id.org/glosis/model/procedure/carbonOrganicProcedure';'OrgC_wc-cro3-walkleyblack';http://w3id.org/glosis/model/procedure/carbonOrganicProcedure-OrgC_wc-cro3-walkleyblack;'Walkley-Black method (chromic acid digestion)';'Walkley, A. and I. A. Black. 1934.ï¿½ï¿½ï¿½ï¿½ï¿½ï¿½An Examination of Degtjareff Method for Determining Soil Organic Matter and a Proposed Modification of the Chromic Acid Titration Method. Soil S;'OrgC_wc-cro3-walkleyblack'
'http://w3id.org/glosis/model/procedure/organicMatterProcedure';'OrgM_calcul-oc1.73';http://w3id.org/glosis/model/procedure/organicMatterProcedure-OrgM_calcul-oc1.73;'Organic carbon * 1,73';"'Leenaars J.G.B., A.J.M. van Oostrum and M. Ruiperez Gonzalez, 2014. Africa Soil Profiles Database, Version 1.2. A compilation of georeferenced and standardised legacy soil profile data for Sub-Saharan Africa (with dataset). ISRIC Report 2014/01. Africa Soil Information Service (AfSIS) project and ISRIC - World Soil Information, Wageningen, the Netherlands. See Annex 4.'	'https://www.isric.org/sites/default/files/isric_report_2014_01.pdf'";'OrgM_calcul-oc1.73'
'http://w3id.org/glosis/model/procedure/availableWaterHoldingCapacityProcedure';'PAWHC_calcul-fc100wp';http://w3id.org/glosis/model/procedure/availableWaterHoldingCapacityProcedure-PAWHC_calcul-fc100wp;'Plant available water holding capacity of the soil fine earth fraction, calculated with field capacity defined at 100 cm (pF 2.0)';"'Leenaars J.G.B., A.J.M. van Oostrum and M. Ruiperez Gonzalez, 2014. Africa Soil Profiles Database, Version 1.2. A compilation of georeferenced and standardised legacy soil profile data for Sub-Saharan Africa (with dataset). ISRIC Report 2014/01. Africa Soil Information Service (AfSIS) project and ISRIC - World Soil Information, Wageningen, the Netherlands. See Annex 4.'	'https://www.isric.org/sites/default/files/isric_report_2014_01.pdf'";'PAWHC_calcul-fc100wp'
'http://w3id.org/glosis/model/procedure/availableWaterHoldingCapacityProcedure';'PAWHC_calcul-fc200wp';http://w3id.org/glosis/model/procedure/availableWaterHoldingCapacityProcedure-PAWHC_calcul-fc200wp;'Plant available water holding capacity of the soil fine earth fraction, calculated with field capacity defined at 200 cm (pF 2.3)';"'Leenaars J.G.B., A.J.M. van Oostrum and M. Ruiperez Gonzalez, 2014. Africa Soil Profiles Database, Version 1.2. A compilation of georeferenced and standardised legacy soil profile data for Sub-Saharan Africa (with dataset). ISRIC Report 2014/01. Africa Soil Information Service (AfSIS) project and ISRIC - World Soil Information, Wageningen, the Netherlands. See Annex 4.'	'https://www.isric.org/sites/default/files/isric_report_2014_01.pdf'";'PAWHC_calcul-fc200wp'
'http://w3id.org/glosis/model/procedure/availableWaterHoldingCapacityProcedure';'PAWHC_calcul-fc300wp';http://w3id.org/glosis/model/procedure/availableWaterHoldingCapacityProcedure-PAWHC_calcul-fc300wp;'Plant available water holding capacity of the soil fine earth fraction, calculated with field capacity defined at 300 cm (pF 2.5)';"'Leenaars J.G.B., A.J.M. van Oostrum and M. Ruiperez Gonzalez, 2014. Africa Soil Profiles Database, Version 1.2. A compilation of georeferenced and standardised legacy soil profile data for Sub-Saharan Africa (with dataset). ISRIC Report 2014/01. Africa Soil Information Service (AfSIS) project and ISRIC - World Soil Information, Wageningen, the Netherlands. See Annex 4.'	'https://www.isric.org/sites/default/files/isric_report_2014_01.pdf'";'PAWHC_calcul-fc300wp'
'http://w3id.org/glosis/model/procedure/pHProcedure';'pHCaCl2';http://w3id.org/glosis/model/procedure/pHProcedure-pHCaCl2;'pHCaCl2 (soil reaction) in a soil/CaCl2 solution (0.01-1 M)';"'Leenaars J.G.B., A.J.M. van Oostrum and M. Ruiperez Gonzalez, 2014. Africa Soil Profiles Database, Version 1.2. A compilation of georeferenced and standardised legacy soil profile data for Sub-Saharan Africa (with dataset). ISRIC Report 2014/01. Africa Soil Information Service (AfSIS) project and ISRIC - World Soil Information, Wageningen, the Netherlands. See Annex 4.'	'https://www.isric.org/sites/default/files/isric_report_2014_01.pdf'";'pHCaCl2'
'http://w3id.org/glosis/model/procedure/pHProcedure';'pHCaCl2_ratio1-1';http://w3id.org/glosis/model/procedure/pHProcedure-pHCaCl2_ratio1-1;'pHCaCl2 (soil reaction) in 1:1 soil/1 M CaCl2 solution (1 M)';"'Leenaars J.G.B., A.J.M. van Oostrum and M. Ruiperez Gonzalez, 2014. Africa Soil Profiles Database, Version 1.2. A compilation of georeferenced and standardised legacy soil profile data for Sub-Saharan Africa (with dataset). ISRIC Report 2014/01. Africa Soil Information Service (AfSIS) project and ISRIC - World Soil Information, Wageningen, the Netherlands. See Annex 4.'	'https://www.isric.org/sites/default/files/isric_report_2014_01.pdf'";'pHCaCl2_ratio1-1'
'http://w3id.org/glosis/model/procedure/pHProcedure';'pHCaCl2_ratio1-10';http://w3id.org/glosis/model/procedure/pHProcedure-pHCaCl2_ratio1-10;'pHCaCl2 (soil reaction) in 1:10 soil/CaCl2 solution (0.01-1 M)';"'Leenaars J.G.B., A.J.M. van Oostrum and M. Ruiperez Gonzalez, 2014. Africa Soil Profiles Database, Version 1.2. A compilation of georeferenced and standardised legacy soil profile data for Sub-Saharan Africa (with dataset). ISRIC Report 2014/01. Africa Soil Information Service (AfSIS) project and ISRIC - World Soil Information, Wageningen, the Netherlands. See Annex 4.'	'https://www.isric.org/sites/default/files/isric_report_2014_01.pdf'";'pHCaCl2_ratio1-10'
'http://w3id.org/glosis/model/procedure/pHProcedure';'pHCaCl2_ratio1-2';http://w3id.org/glosis/model/procedure/pHProcedure-pHCaCl2_ratio1-2;'pHCaCl2 (soil reaction) in 1:2 soil/CaCl2 solution (0.01-1 M)';"'Leenaars J.G.B., A.J.M. van Oostrum and M. Ruiperez Gonzalez, 2014. Africa Soil Profiles Database, Version 1.2. A compilation of georeferenced and standardised legacy soil profile data for Sub-Saharan Africa (with dataset). ISRIC Report 2014/01. Africa Soil Information Service (AfSIS) project and ISRIC - World Soil Information, Wageningen, the Netherlands. See Annex 4.'	'https://www.isric.org/sites/default/files/isric_report_2014_01.pdf'";'pHCaCl2_ratio1-2'
'http://w3id.org/glosis/model/procedure/pHProcedure';'pHCaCl2_ratio1-2.5';http://w3id.org/glosis/model/procedure/pHProcedure-pHCaCl2_ratio1-2.5;'pHCaCl2 (soil reaction) in 1:2.5 soil/CaCl2 solution (0.01-1 M)';"'Leenaars J.G.B., A.J.M. van Oostrum and M. Ruiperez Gonzalez, 2014. Africa Soil Profiles Database, Version 1.2. A compilation of georeferenced and standardised legacy soil profile data for Sub-Saharan Africa (with dataset). ISRIC Report 2014/01. Africa Soil Information Service (AfSIS) project and ISRIC - World Soil Information, Wageningen, the Netherlands. See Annex 4.'	'https://www.isric.org/sites/default/files/isric_report_2014_01.pdf'";'pHCaCl2_ratio1-2.5'
'http://w3id.org/glosis/model/procedure/pHProcedure';'pHCaCl2_ratio1-5';http://w3id.org/glosis/model/procedure/pHProcedure-pHCaCl2_ratio1-5;'pHCaCl2 (soil reaction) in 1:5 soil/CaCl2 solution (0.01-1 M)';"'https://www.isric.org/sites/default/files/isric_report_2014_01.pdf'	'Leenaars J.G.B., A.J.M. van Oostrum and M. Ruiperez Gonzalez, 2014. Africa Soil Profiles Database, Version 1.2. A compilation of georeferenced and standardised legacy soil profile data for Sub-Saharan Africa (with dataset). ISRIC Report 2014/01. Africa Soil Information Service (AfSIS) project and ISRIC - World Soil Information, Wageningen, the Netherlands. See Annex 4.'";'pHCaCl2_ratio1-5'
'http://w3id.org/glosis/model/procedure/pHProcedure';'pHCaCl2_sat';http://w3id.org/glosis/model/procedure/pHProcedure-pHCaCl2_sat;'pHCaCl2 (soil reaction) in saturated paste';"'https://www.isric.org/sites/default/files/isric_report_2014_01.pdf'	'Leenaars J.G.B., A.J.M. van Oostrum and M. Ruiperez Gonzalez, 2014. Africa Soil Profiles Database, Version 1.2. A compilation of georeferenced and standardised legacy soil profile data for Sub-Saharan Africa (with dataset). ISRIC Report 2014/01. Africa Soil Information Service (AfSIS) project and ISRIC - World Soil Information, Wageningen, the Netherlands. See Annex 4.'";'pHCaCl2_sat'
'http://w3id.org/glosis/model/procedure/pHProcedure';'pHH2O';http://w3id.org/glosis/model/procedure/pHProcedure-pHH2O;'pHH2O (soil reaction) in a soil/water solution';"'https://www.isric.org/sites/default/files/isric_report_2014_01.pdf'	'Leenaars J.G.B., A.J.M. van Oostrum and M. Ruiperez Gonzalez, 2014. Africa Soil Profiles Database, Version 1.2. A compilation of georeferenced and standardised legacy soil profile data for Sub-Saharan Africa (with dataset). ISRIC Report 2014/01. Africa Soil Information Service (AfSIS) project and ISRIC - World Soil Information, Wageningen, the Netherlands. See Annex 4.'";'pHH2O'
'http://w3id.org/glosis/model/procedure/pHProcedure';'pHH2O_ratio1-1';http://w3id.org/glosis/model/procedure/pHProcedure-pHH2O_ratio1-1;'pHH2O (soil reaction) in 1:1 soil/water solution';"'https://www.isric.org/sites/default/files/isric_report_2014_01.pdf'	'Leenaars J.G.B., A.J.M. van Oostrum and M. Ruiperez Gonzalez, 2014. Africa Soil Profiles Database, Version 1.2. A compilation of georeferenced and standardised legacy soil profile data for Sub-Saharan Africa (with dataset). ISRIC Report 2014/01. Africa Soil Information Service (AfSIS) project and ISRIC - World Soil Information, Wageningen, the Netherlands. See Annex 4.'";'pHH2O_ratio1-1'
'http://w3id.org/glosis/model/procedure/pHProcedure';'pHH2O_ratio1-10';http://w3id.org/glosis/model/procedure/pHProcedure-pHH2O_ratio1-10;'pHH2O (soil reaction) in 1:10 soil/water solution';"'https://www.isric.org/sites/default/files/isric_report_2014_01.pdf'	'Leenaars J.G.B., A.J.M. van Oostrum and M. Ruiperez Gonzalez, 2014. Africa Soil Profiles Database, Version 1.2. A compilation of georeferenced and standardised legacy soil profile data for Sub-Saharan Africa (with dataset). ISRIC Report 2014/01. Africa Soil Information Service (AfSIS) project and ISRIC - World Soil Information, Wageningen, the Netherlands. See Annex 4.'";'pHH2O_ratio1-10'
'http://w3id.org/glosis/model/procedure/pHProcedure';'pHH2O_ratio1-2';http://w3id.org/glosis/model/procedure/pHProcedure-pHH2O_ratio1-2;'pHH2O (soil reaction) in 1:2 soil/water solution';"'https://www.isric.org/sites/default/files/isric_report_2014_01.pdf'	'Leenaars J.G.B., A.J.M. van Oostrum and M. Ruiperez Gonzalez, 2014. Africa Soil Profiles Database, Version 1.2. A compilation of georeferenced and standardised legacy soil profile data for Sub-Saharan Africa (with dataset). ISRIC Report 2014/01. Africa Soil Information Service (AfSIS) project and ISRIC - World Soil Information, Wageningen, the Netherlands. See Annex 4.'";'pHH2O_ratio1-2'
'http://w3id.org/glosis/model/procedure/pHProcedure';'pHH2O_ratio1-2.5';http://w3id.org/glosis/model/procedure/pHProcedure-pHH2O_ratio1-2.5;'pHH2O (soil reaction) in 1:2.5 soil/water solution';"'https://www.isric.org/sites/default/files/isric_report_2014_01.pdf'	'Leenaars J.G.B., A.J.M. van Oostrum and M. Ruiperez Gonzalez, 2014. Africa Soil Profiles Database, Version 1.2. A compilation of georeferenced and standardised legacy soil profile data for Sub-Saharan Africa (with dataset). ISRIC Report 2014/01. Africa Soil Information Service (AfSIS) project and ISRIC - World Soil Information, Wageningen, the Netherlands. See Annex 4.'";'pHH2O_ratio1-2.5'
'http://w3id.org/glosis/model/procedure/pHProcedure';'pHH2O_ratio1-5';http://w3id.org/glosis/model/procedure/pHProcedure-pHH2O_ratio1-5;'pHH2O (soil reaction) in 1:5 soil/water solution';"'https://www.isric.org/sites/default/files/isric_report_2014_01.pdf'	'Leenaars J.G.B., A.J.M. van Oostrum and M. Ruiperez Gonzalez, 2014. Africa Soil Profiles Database, Version 1.2. A compilation of georeferenced and standardised legacy soil profile data for Sub-Saharan Africa (with dataset). ISRIC Report 2014/01. Africa Soil Information Service (AfSIS) project and ISRIC - World Soil Information, Wageningen, the Netherlands. See Annex 4.'";'pHH2O_ratio1-5'
'http://w3id.org/glosis/model/procedure/pHProcedure';'pHH2O_sat';http://w3id.org/glosis/model/procedure/pHProcedure-pHH2O_sat;'pHH2O (soil reaction) in water saturated paste';"'https://www.isric.org/sites/default/files/isric_report_2014_01.pdf'	'Leenaars J.G.B., A.J.M. van Oostrum and M. Ruiperez Gonzalez, 2014. Africa Soil Profiles Database, Version 1.2. A compilation of georeferenced and standardised legacy soil profile data for Sub-Saharan Africa (with dataset). ISRIC Report 2014/01. Africa Soil Information Service (AfSIS) project and ISRIC - World Soil Information, Wageningen, the Netherlands. See Annex 4.'";'pHH2O_sat'
'http://w3id.org/glosis/model/procedure/pHProcedure';'pHH2O_unkn-spec';http://w3id.org/glosis/model/procedure/pHProcedure-pHH2O_unkn-spec;'Spectrally measured and converted to pHH2O (soil reaction) in unknown soil/water solution';"'https://www.isric.org/sites/default/files/isric_report_2014_01.pdf'	'Leenaars J.G.B., A.J.M. van Oostrum and M. Ruiperez Gonzalez, 2014. Africa Soil Profiles Database, Version 1.2. A compilation of georeferenced and standardised legacy soil profile data for Sub-Saharan Africa (with dataset). ISRIC Report 2014/01. Africa Soil Information Service (AfSIS) project and ISRIC - World Soil Information, Wageningen, the Netherlands. See Annex 4.'";'pHH2O_unkn-spec'
'http://w3id.org/glosis/model/procedure/pHProcedure';'pHKCl';http://w3id.org/glosis/model/procedure/pHProcedure-pHKCl;'pHKCl (soil reaction) in a soil/KCl solution (0.01-1 M)';"'https://www.isric.org/sites/default/files/isric_report_2014_01.pdf'	'Leenaars J.G.B., A.J.M. van Oostrum and M. Ruiperez Gonzalez, 2014. Africa Soil Profiles Database, Version 1.2. A compilation of georeferenced and standardised legacy soil profile data for Sub-Saharan Africa (with dataset). ISRIC Report 2014/01. Africa Soil Information Service (AfSIS) project and ISRIC - World Soil Information, Wageningen, the Netherlands. See Annex 4.'";'pHKCl'
'http://w3id.org/glosis/model/procedure/pHProcedure';'pHKCl_ratio1-1';http://w3id.org/glosis/model/procedure/pHProcedure-pHKCl_ratio1-1;'pHKCl (soil reaction) in 1:1 soil/KCl solution (1 M)';"'Leenaars J.G.B., A.J.M. van Oostrum and M. Ruiperez Gonzalez, 2014. Africa Soil Profiles Database, Version 1.2. A compilation of georeferenced and standardised legacy soil profile data for Sub-Saharan Africa (with dataset). ISRIC Report 2014/01. Africa Soil Information Service (AfSIS) project and ISRIC - World Soil Information, Wageningen, the Netherlands. See Annex 4.'	'https://www.isric.org/sites/default/files/isric_report_2014_01.pdf'";'pHKCl_ratio1-1'
'http://w3id.org/glosis/model/procedure/pHProcedure';'pHKCl_ratio1-10';http://w3id.org/glosis/model/procedure/pHProcedure-pHKCl_ratio1-10;'pHKCl (soil reaction) in 1:10 soil/KCl solution (0.01-1 M)';"'https://www.isric.org/sites/default/files/isric_report_2014_01.pdf'	'Leenaars J.G.B., A.J.M. van Oostrum and M. Ruiperez Gonzalez, 2014. Africa Soil Profiles Database, Version 1.2. A compilation of georeferenced and standardised legacy soil profile data for Sub-Saharan Africa (with dataset). ISRIC Report 2014/01. Africa Soil Information Service (AfSIS) project and ISRIC - World Soil Information, Wageningen, the Netherlands. See Annex 4.'";'pHKCl_ratio1-10'
'http://w3id.org/glosis/model/procedure/pHProcedure';'pHKCl_ratio1-2';http://w3id.org/glosis/model/procedure/pHProcedure-pHKCl_ratio1-2;'pHKCl (soil reaction) in 1:2 soil/KCl solution (0.01-1 M)';"'Leenaars J.G.B., A.J.M. van Oostrum and M. Ruiperez Gonzalez, 2014. Africa Soil Profiles Database, Version 1.2. A compilation of georeferenced and standardised legacy soil profile data for Sub-Saharan Africa (with dataset). ISRIC Report 2014/01. Africa Soil Information Service (AfSIS) project and ISRIC - World Soil Information, Wageningen, the Netherlands. See Annex 4.'	'https://www.isric.org/sites/default/files/isric_report_2014_01.pdf'";'pHKCl_ratio1-2'
'http://w3id.org/glosis/model/procedure/pHProcedure';'pHKCl_ratio1-2.5';http://w3id.org/glosis/model/procedure/pHProcedure-pHKCl_ratio1-2.5;'pHKCl (soil reaction) in 1:2.5 soil/KCl solution (0.01-1 M)';"'Leenaars J.G.B., A.J.M. van Oostrum and M. Ruiperez Gonzalez, 2014. Africa Soil Profiles Database, Version 1.2. A compilation of georeferenced and standardised legacy soil profile data for Sub-Saharan Africa (with dataset). ISRIC Report 2014/01. Africa Soil Information Service (AfSIS) project and ISRIC - World Soil Information, Wageningen, the Netherlands. See Annex 4.'	'https://www.isric.org/sites/default/files/isric_report_2014_01.pdf'";'pHKCl_ratio1-2.5'
'http://w3id.org/glosis/model/procedure/pHProcedure';'pHKCl_ratio1-5';http://w3id.org/glosis/model/procedure/pHProcedure-pHKCl_ratio1-5;'pHKCl (soil reaction) in 1:5 soil/KCl solution (0.01-1 M)';"'https://www.isric.org/sites/default/files/isric_report_2014_01.pdf'	'Leenaars J.G.B., A.J.M. van Oostrum and M. Ruiperez Gonzalez, 2014. Africa Soil Profiles Database, Version 1.2. A compilation of georeferenced and standardised legacy soil profile data for Sub-Saharan Africa (with dataset). ISRIC Report 2014/01. Africa Soil Information Service (AfSIS) project and ISRIC - World Soil Information, Wageningen, the Netherlands. See Annex 4.'";'pHKCl_ratio1-5'
'http://w3id.org/glosis/model/procedure/pHProcedure';'pHKCl_sat';http://w3id.org/glosis/model/procedure/pHProcedure-pHKCl_sat;'pHKCl (soil reaction) in saturated paste';"'Leenaars J.G.B., A.J.M. van Oostrum and M. Ruiperez Gonzalez, 2014. Africa Soil Profiles Database, Version 1.2. A compilation of georeferenced and standardised legacy soil profile data for Sub-Saharan Africa (with dataset). ISRIC Report 2014/01. Africa Soil Information Service (AfSIS) project and ISRIC - World Soil Information, Wageningen, the Netherlands. See Annex 4.'	'https://www.isric.org/sites/default/files/isric_report_2014_01.pdf'";'pHKCl_sat'
'http://w3id.org/glosis/model/procedure/pHProcedure';'pHNaF';http://w3id.org/glosis/model/procedure/pHProcedure-pHNaF;'pHNaF (soil reaction) in a soil/NaF solution (0.01-1 M)';"'https://www.isric.org/sites/default/files/isric_report_2014_01.pdf'	'Leenaars J.G.B., A.J.M. van Oostrum and M. Ruiperez Gonzalez, 2014. Africa Soil Profiles Database, Version 1.2. A compilation of georeferenced and standardised legacy soil profile data for Sub-Saharan Africa (with dataset). ISRIC Report 2014/01. Africa Soil Information Service (AfSIS) project and ISRIC - World Soil Information, Wageningen, the Netherlands. See Annex 4.'";'pHNaF'
'http://w3id.org/glosis/model/procedure/pHProcedure';'pHNaF_ratio1-1';http://w3id.org/glosis/model/procedure/pHProcedure-pHNaF_ratio1-1;'pHNaF (soil reaction) in 1:1 soil/NaF solution (1 M)';"'https://www.isric.org/sites/default/files/isric_report_2014_01.pdf'	'Leenaars J.G.B., A.J.M. van Oostrum and M. Ruiperez Gonzalez, 2014. Africa Soil Profiles Database, Version 1.2. A compilation of georeferenced and standardised legacy soil profile data for Sub-Saharan Africa (with dataset). ISRIC Report 2014/01. Africa Soil Information Service (AfSIS) project and ISRIC - World Soil Information, Wageningen, the Netherlands. See Annex 4.'";'pHNaF_ratio1-1'
'http://w3id.org/glosis/model/procedure/pHProcedure';'pHNaF_ratio1-10';http://w3id.org/glosis/model/procedure/pHProcedure-pHNaF_ratio1-10;'pHNaF (soil reaction) in 1:10 soil/NaF solution (0.01-1 M)';"'https://www.isric.org/sites/default/files/isric_report_2014_01.pdf'	'Leenaars J.G.B., A.J.M. van Oostrum and M. Ruiperez Gonzalez, 2014. Africa Soil Profiles Database, Version 1.2. A compilation of georeferenced and standardised legacy soil profile data for Sub-Saharan Africa (with dataset). ISRIC Report 2014/01. Africa Soil Information Service (AfSIS) project and ISRIC - World Soil Information, Wageningen, the Netherlands. See Annex 4.'";'pHNaF_ratio1-10'
'http://w3id.org/glosis/model/procedure/pHProcedure';'pHNaF_ratio1-2';http://w3id.org/glosis/model/procedure/pHProcedure-pHNaF_ratio1-2;'pHNaF (soil reaction) in 1:2 soil/NaF solution (0.01-1 M)';"'https://www.isric.org/sites/default/files/isric_report_2014_01.pdf'	'Leenaars J.G.B., A.J.M. van Oostrum and M. Ruiperez Gonzalez, 2014. Africa Soil Profiles Database, Version 1.2. A compilation of georeferenced and standardised legacy soil profile data for Sub-Saharan Africa (with dataset). ISRIC Report 2014/01. Africa Soil Information Service (AfSIS) project and ISRIC - World Soil Information, Wageningen, the Netherlands. See Annex 4.'";'pHNaF_ratio1-2'
'http://w3id.org/glosis/model/procedure/pHProcedure';'pHNaF_ratio1-2.5';http://w3id.org/glosis/model/procedure/pHProcedure-pHNaF_ratio1-2.5;'pHNaF (soil reaction) in 1:2.5 soil/NaF solution (0.01-1 M)';"'https://www.isric.org/sites/default/files/isric_report_2014_01.pdf'	'Leenaars J.G.B., A.J.M. van Oostrum and M. Ruiperez Gonzalez, 2014. Africa Soil Profiles Database, Version 1.2. A compilation of georeferenced and standardised legacy soil profile data for Sub-Saharan Africa (with dataset). ISRIC Report 2014/01. Africa Soil Information Service (AfSIS) project and ISRIC - World Soil Information, Wageningen, the Netherlands. See Annex 4.'";'pHNaF_ratio1-2.5'
'http://w3id.org/glosis/model/procedure/pHProcedure';'pHNaF_ratio1-5';http://w3id.org/glosis/model/procedure/pHProcedure-pHNaF_ratio1-5;'pHNaF (soil reaction) in 1:5 soil/NaF solution (0.01-1 M)';"'Leenaars J.G.B., A.J.M. van Oostrum and M. Ruiperez Gonzalez, 2014. Africa Soil Profiles Database, Version 1.2. A compilation of georeferenced and standardised legacy soil profile data for Sub-Saharan Africa (with dataset). ISRIC Report 2014/01. Africa Soil Information Service (AfSIS) project and ISRIC - World Soil Information, Wageningen, the Netherlands. See Annex 4.'	'https://www.isric.org/sites/default/files/isric_report_2014_01.pdf'";'pHNaF_ratio1-5'
'http://w3id.org/glosis/model/procedure/pHProcedure';'pHNaF_sat';http://w3id.org/glosis/model/procedure/pHProcedure-pHNaF_sat;'pHNaF (soil reaction) in saturated paste';"'https://www.isric.org/sites/default/files/isric_report_2014_01.pdf'	'Leenaars J.G.B., A.J.M. van Oostrum and M. Ruiperez Gonzalez, 2014. Africa Soil Profiles Database, Version 1.2. A compilation of georeferenced and standardised legacy soil profile data for Sub-Saharan Africa (with dataset). ISRIC Report 2014/01. Africa Soil Information Service (AfSIS) project and ISRIC - World Soil Information, Wageningen, the Netherlands. See Annex 4.'";'pHNaF_sat'
'http://w3id.org/glosis/model/procedure/pSAProcedure';'pipette-disp';http://w3id.org/glosis/model/procedure/pSAProcedure-pipette-disp;'Particle size analysis with pipette method with appropriate dispersion of the primary particles and pretreatment to remove cementing particles (organic matter, carbonates)';"'https://www.isric.org/sites/default/files/isric_report_2014_01.pdf'	'Leenaars J.G.B., A.J.M. van Oostrum and M. Ruiperez Gonzalez, 2014. Africa Soil Profiles Database, Version 1.2. A compilation of georeferenced and standardised legacy soil profile data for Sub-Saharan Africa (with dataset). ISRIC Report 2014/01. Africa Soil Information Service (AfSIS) project and ISRIC - World Soil Information, Wageningen, the Netherlands. See Annex 4.'";'pipette-dispersion'
'http://w3id.org/glosis/model/procedure/pSAProcedure';'pipette-disp-spec';http://w3id.org/glosis/model/procedure/pSAProcedure-pipette-disp-spec;'Spectrally predicted based on measurments with the pipette method with appropriate dispersion of the primary particles and pretreatment to remove cementing particles (organic matter, carbonates)';"'https://www.isric.org/sites/default/files/isric_report_2014_01.pdf'	'Leenaars J.G.B., A.J.M. van Oostrum and M. Ruiperez Gonzalez, 2014. Africa Soil Profiles Database, Version 1.2. A compilation of georeferenced and standardised legacy soil profile data for Sub-Saharan Africa (with dataset). ISRIC Report 2014/01. Africa Soil Information Service (AfSIS) project and ISRIC - World Soil Information, Wageningen, the Netherlands. See Annex 4.'";'pipette-dispersion-spectral'
'http://w3id.org/glosis/model/procedure/pSAProcedure';'pipette-nodisp';http://w3id.org/glosis/model/procedure/pSAProcedure-pipette-nodisp;'Particle size analysis with pipette method with no dispersion of the primary particles and pretreatment to remove cementing particles (organic matter, carbonates)';"'Leenaars J.G.B., A.J.M. van Oostrum and M. Ruiperez Gonzalez, 2014. Africa Soil Profiles Database, Version 1.2. A compilation of georeferenced and standardised legacy soil profile data for Sub-Saharan Africa (with dataset). ISRIC Report 2014/01. Africa Soil Information Service (AfSIS) project and ISRIC - World Soil Information, Wageningen, the Netherlands. See Annex 4.'	'https://www.isric.org/sites/default/files/isric_report_2014_01.pdf'";'pipette-no_dispersion'
'http://w3id.org/glosis/model/procedure/pSAProcedure';'pipette-nodisp-spec';http://w3id.org/glosis/model/procedure/pSAProcedure-pipette-nodisp-spec;'Spectrally predicted based on measurments with the pipette method with no dispersion of the primary particles and pretreatment to remove cementing particles (organic matter, carbonates)';"'https://www.isric.org/sites/default/files/isric_report_2014_01.pdf'	'Leenaars J.G.B., A.J.M. van Oostrum and M. Ruiperez Gonzalez, 2014. Africa Soil Profiles Database, Version 1.2. A compilation of georeferenced and standardised legacy soil profile data for Sub-Saharan Africa (with dataset). ISRIC Report 2014/01. Africa Soil Information Service (AfSIS) project and ISRIC - World Soil Information, Wageningen, the Netherlands. See Annex 4.'";'pipette-no_dispersion-spectral'
'http://w3id.org/glosis/model/procedure/pSAProcedure';'pipette-unkdisp';http://w3id.org/glosis/model/procedure/pSAProcedure-pipette-unkdisp;'Particle size analysis with pipette method unknown dispersion of the primary particles and pretreatment to remove cementing particles (organic matter, carbonates)';"'https://www.isric.org/sites/default/files/isric_report_2014_01.pdf'	'Leenaars J.G.B., A.J.M. van Oostrum and M. Ruiperez Gonzalez, 2014. Africa Soil Profiles Database, Version 1.2. A compilation of georeferenced and standardised legacy soil profile data for Sub-Saharan Africa (with dataset). ISRIC Report 2014/01. Africa Soil Information Service (AfSIS) project and ISRIC - World Soil Information, Wageningen, the Netherlands. See Annex 4.'";'pipette-unknown_dispersion'
'http://w3id.org/glosis/model/procedure/pSAProcedure';'pipette-unkdisp-spec';http://w3id.org/glosis/model/procedure/pSAProcedure-pipette-unkdisp-spec;'Spectrally predicted based on measurments with the pipette method unknown dispersion of the primary particles and pretreatment to remove cementing particles (organic matter, carbonates)';"'https://www.isric.org/sites/default/files/isric_report_2014_01.pdf'	'Leenaars J.G.B., A.J.M. van Oostrum and M. Ruiperez Gonzalez, 2014. Africa Soil Profiles Database, Version 1.2. A compilation of georeferenced and standardised legacy soil profile data for Sub-Saharan Africa (with dataset). ISRIC Report 2014/01. Africa Soil Information Service (AfSIS) project and ISRIC - World Soil Information, Wageningen, the Netherlands. See Annex 4.'";'pipette-unknown_dispersion-spectral'
'http://w3id.org/glosis/model/procedure/porosityProcedure';'Poros_calcul-pf0';http://w3id.org/glosis/model/procedure/porosityProcedure-Poros_calcul-pf0;'Porosity calculated from volumetric moisture content at pF 0 (1 cm)';"'Leenaars J.G.B., A.J.M. van Oostrum and M. Ruiperez Gonzalez, 2014. Africa Soil Profiles Database, Version 1.2. A compilation of georeferenced and standardised legacy soil profile data for Sub-Saharan Africa (with dataset). ISRIC Report 2014/01. Africa Soil Information Service (AfSIS) project and ISRIC - World Soil Information, Wageningen, the Netherlands. See Annex 4.'	'https://www.isric.org/sites/default/files/isric_report_2014_01.pdf'";'Poros_calcul-pf0'
'http://w3id.org/glosis/model/procedure/phosphorusRetentionProcedure';'RetentP_blakemore';http://w3id.org/glosis/model/procedure/phosphorusRetentionProcedure-RetentP_blakemore;'P retention at ~pH4.6  (acc. Blakemore 1987)';'Blakemore L.C. Searle P.L. and Daly, B.K. (1987) Methods for chemical analysis of soils. NZ Soil Bureau, Lower Hutt, New Zealand.';'RetentP_blakemor'
'http://w3id.org/glosis/model/procedure/phosphorusRetentionProcedure';'RetentP_unkn-spec';http://w3id.org/glosis/model/procedure/phosphorusRetentionProcedure-RetentP_unkn-spec;'Spectrally measured and converted to P retention (P buffer index)';"'Leenaars J.G.B., A.J.M. van Oostrum and M. Ruiperez Gonzalez, 2014. Africa Soil Profiles Database, Version 1.2. A compilation of georeferenced and standardised legacy soil profile data for Sub-Saharan Africa (with dataset). ISRIC Report 2014/01. Africa Soil Information Service (AfSIS) project and ISRIC - World Soil Information, Wageningen, the Netherlands. See Annex 4.'	'https://www.isric.org/sites/default/files/isric_report_2014_01.pdf'";'RetentP_unkn-spec'
'http://w3id.org/glosis/model/procedure/solubleSaltsProcedure';'SlbAn_calcul-unkn';http://w3id.org/glosis/model/procedure/solubleSaltsProcedure-SlbAn_calcul-unkn;'Sum of soluble anions (Cl, SO4, HCO2, CO3, NO3, F)';"'Leenaars J.G.B., A.J.M. van Oostrum and M. Ruiperez Gonzalez, 2014. Africa Soil Profiles Database, Version 1.2. A compilation of georeferenced and standardised legacy soil profile data for Sub-Saharan Africa (with dataset). ISRIC Report 2014/01. Africa Soil Information Service (AfSIS) project and ISRIC - World Soil Information, Wageningen, the Netherlands. See Annex 4.'	'https://www.isric.org/sites/default/files/isric_report_2014_01.pdf'";'SlbAn_calcul-unk'
'http://w3id.org/glosis/model/procedure/solubleSaltsProcedure';'SlbCat_calcul-unkn';http://w3id.org/glosis/model/procedure/solubleSaltsProcedure-SlbCat_calcul-unkn;'Sum of soluble cations (Ca, Mg, K, Na)';"'https://www.isric.org/sites/default/files/isric_report_2014_01.pdf'	'Leenaars J.G.B., A.J.M. van Oostrum and M. Ruiperez Gonzalez, 2014. Africa Soil Profiles Database, Version 1.2. A compilation of georeferenced and standardised legacy soil profile data for Sub-Saharan Africa (with dataset). ISRIC Report 2014/01. Africa Soil Information Service (AfSIS) project and ISRIC - World Soil Information, Wageningen, the Netherlands. See Annex 4.'";'SlbCat_calcul-unk'
'http://w3id.org/glosis/model/procedure/textureSumProcedure';'SumTxtr_calcul';http://w3id.org/glosis/model/procedure/textureSumProcedure-SumTxtr_calcul;'Calculated sum of sand, silt and clay fractions';"'https://www.isric.org/sites/default/files/isric_report_2014_01.pdf'	'Leenaars J.G.B., A.J.M. van Oostrum and M. Ruiperez Gonzalez, 2014. Africa Soil Profiles Database, Version 1.2. A compilation of georeferenced and standardised legacy soil profile data for Sub-Saharan Africa (with dataset). ISRIC Report 2014/01. Africa Soil Information Service (AfSIS) project and ISRIC - World Soil Information, Wageningen, the Netherlands. See Annex 4.'";'SumTxtr_calcul'
'http://w3id.org/glosis/model/procedure/totalElementsProcedure';'Total_h2so4';http://w3id.org/glosis/model/procedure/totalElementsProcedure-Total_h2so4;'Total P-/- colorimetric in H2SO4-Se-Salicylic acid digest( sulfuric acid) Particularly used for Total P.';"'Leenaars J.G.B., A.J.M. van Oostrum and M. Ruiperez Gonzalez, 2014. Africa Soil Profiles Database, Version 1.2. A compilation of georeferenced and standardised legacy soil profile data for Sub-Saharan Africa (with dataset). ISRIC Report 2014/01. Africa Soil Information Service (AfSIS) project and ISRIC - World Soil Information, Wageningen, the Netherlands. See Annex 4.'	'https://www.isric.org/sites/default/files/isric_report_2014_01.pdf'";'Total_h2so4'
'http://w3id.org/glosis/model/procedure/totalElementsProcedure';'Total_hcl';http://w3id.org/glosis/model/procedure/totalElementsProcedure-Total_hcl;'HCl extraction. Particularly used for Total P.';"'https://www.isric.org/sites/default/files/isric_report_2014_01.pdf'	'Leenaars J.G.B., A.J.M. van Oostrum and M. Ruiperez Gonzalez, 2014. Africa Soil Profiles Database, Version 1.2. A compilation of georeferenced and standardised legacy soil profile data for Sub-Saharan Africa (with dataset). ISRIC Report 2014/01. Africa Soil Information Service (AfSIS) project and ISRIC - World Soil Information, Wageningen, the Netherlands. See Annex 4.'";'Total_hcl'
'http://w3id.org/glosis/model/procedure/totalElementsProcedure';'Total_hcl-aquaregia';http://w3id.org/glosis/model/procedure/totalElementsProcedure-Total_hcl-aquaregia;'Hydrocloric (HCl) extraction in nitric/perchloric acid mixture (totals) aqua regia';"'https://www.isric.org/sites/default/files/isric_report_2014_01.pdf'	'Leenaars J.G.B., A.J.M. van Oostrum and M. Ruiperez Gonzalez, 2014. Africa Soil Profiles Database, Version 1.2. A compilation of georeferenced and standardised legacy soil profile data for Sub-Saharan Africa (with dataset). ISRIC Report 2014/01. Africa Soil Information Service (AfSIS) project and ISRIC - World Soil Information, Wageningen, the Netherlands. See Annex 4.'";'Total_hcl-aquaregia'
'http://w3id.org/glosis/model/procedure/totalElementsProcedure';'Total_hclo4';http://w3id.org/glosis/model/procedure/totalElementsProcedure-Total_hclo4;'Perchloric acid percolation. Particularly used for Total P.';"'https://www.isric.org/sites/default/files/isric_report_2014_01.pdf'	'Leenaars J.G.B., A.J.M. van Oostrum and M. Ruiperez Gonzalez, 2014. Africa Soil Profiles Database, Version 1.2. A compilation of georeferenced and standardised legacy soil profile data for Sub-Saharan Africa (with dataset). ISRIC Report 2014/01. Africa Soil Information Service (AfSIS) project and ISRIC - World Soil Information, Wageningen, the Netherlands. See Annex 4.'";'Total_hclo4'
'http://w3id.org/glosis/model/procedure/totalElementsProcedure';'Total_hno3-aquafortis';http://w3id.org/glosis/model/procedure/totalElementsProcedure-Total_hno3-aquafortis;'Nitric acid attack. Particularly used for Total P.';"'Leenaars J.G.B., A.J.M. van Oostrum and M. Ruiperez Gonzalez, 2014. Africa Soil Profiles Database, Version 1.2. A compilation of georeferenced and standardised legacy soil profile data for Sub-Saharan Africa (with dataset). ISRIC Report 2014/01. Africa Soil Information Service (AfSIS) project and ISRIC - World Soil Information, Wageningen, the Netherlands. See Annex 4.'	'https://www.isric.org/sites/default/files/isric_report_2014_01.pdf'";'Total_hno3-aquafortis'
'http://w3id.org/glosis/model/procedure/totalElementsProcedure';'Total_nh4-6mo7o24';http://w3id.org/glosis/model/procedure/totalElementsProcedure-Total_nh4-6mo7o24;'COLORIMETRIC VANADATE MOLYBDATE. Particularly used for Total P.';"'https://www.isric.org/sites/default/files/isric_report_2014_01.pdf'	'Leenaars J.G.B., A.J.M. van Oostrum and M. Ruiperez Gonzalez, 2014. Africa Soil Profiles Database, Version 1.2. A compilation of georeferenced and standardised legacy soil profile data for Sub-Saharan Africa (with dataset). ISRIC Report 2014/01. Africa Soil Information Service (AfSIS) project and ISRIC - World Soil Information, Wageningen, the Netherlands. See Annex 4.'";'Total_nh4-6mo7o24'
'http://w3id.org/glosis/model/procedure/totalElementsProcedure';'Total_tp03';http://w3id.org/glosis/model/procedure/totalElementsProcedure-Total_tp03;'reagent of Baeyens. Precipitation in form of Phosphomolybdate. Particularly used for Total P.';"'https://www.isric.org/sites/default/files/isric_report_2014_01.pdf'	'Leenaars J.G.B., A.J.M. van Oostrum and M. Ruiperez Gonzalez, 2014. Africa Soil Profiles Database, Version 1.2. A compilation of georeferenced and standardised legacy soil profile data for Sub-Saharan Africa (with dataset). ISRIC Report 2014/01. Africa Soil Information Service (AfSIS) project and ISRIC - World Soil Information, Wageningen, the Netherlands. See Annex 4.'";'Total_tp03'
'http://w3id.org/glosis/model/procedure/totalElementsProcedure';'Total_tp04';http://w3id.org/glosis/model/procedure/totalElementsProcedure-Total_tp04;'acid fleischman. Particularly used for Total P.';"'https://www.isric.org/sites/default/files/isric_report_2014_01.pdf'	'Leenaars J.G.B., A.J.M. van Oostrum and M. Ruiperez Gonzalez, 2014. Africa Soil Profiles Database, Version 1.2. A compilation of georeferenced and standardised legacy soil profile data for Sub-Saharan Africa (with dataset). ISRIC Report 2014/01. Africa Soil Information Service (AfSIS) project and ISRIC - World Soil Information, Wageningen, the Netherlands. See Annex 4.'";'Total_tp04'
'http://w3id.org/glosis/model/procedure/totalElementsProcedure';'Total_tp05';http://w3id.org/glosis/model/procedure/totalElementsProcedure-Total_tp05;'8 M HCl extraction. Particularly used for Total P.';"'https://www.isric.org/sites/default/files/isric_report_2014_01.pdf'	'Leenaars J.G.B., A.J.M. van Oostrum and M. Ruiperez Gonzalez, 2014. Africa Soil Profiles Database, Version 1.2. A compilation of georeferenced and standardised legacy soil profile data for Sub-Saharan Africa (with dataset). ISRIC Report 2014/01. Africa Soil Information Service (AfSIS) project and ISRIC - World Soil Information, Wageningen, the Netherlands. See Annex 4.'";'Total_tp05'
'http://w3id.org/glosis/model/procedure/totalElementsProcedure';'Total_tp06';http://w3id.org/glosis/model/procedure/totalElementsProcedure-Total_tp06;'Molybdenum blue method, using ascorbic acid as reductant after heating of soil to 550 C and extraction with 6M sulphuric acid. Particularly used for Total P.';"'Leenaars J.G.B., A.J.M. van Oostrum and M. Ruiperez Gonzalez, 2014. Africa Soil Profiles Database, Version 1.2. A compilation of georeferenced and standardised legacy soil profile data for Sub-Saharan Africa (with dataset). ISRIC Report 2014/01. Africa Soil Information Service (AfSIS) project and ISRIC - World Soil Information, Wageningen, the Netherlands. See Annex 4.'	'https://www.isric.org/sites/default/files/isric_report_2014_01.pdf'";'Total_tp06'
'http://w3id.org/glosis/model/procedure/totalElementsProcedure';'Total_tp07';http://w3id.org/glosis/model/procedure/totalElementsProcedure-Total_tp07;'1:1 H2SO4 : HNO3. Particularly used for Total P.';"'https://www.isric.org/sites/default/files/isric_report_2014_01.pdf'	'Leenaars J.G.B., A.J.M. van Oostrum and M. Ruiperez Gonzalez, 2014. Africa Soil Profiles Database, Version 1.2. A compilation of georeferenced and standardised legacy soil profile data for Sub-Saharan Africa (with dataset). ISRIC Report 2014/01. Africa Soil Information Service (AfSIS) project and ISRIC - World Soil Information, Wageningen, the Netherlands. See Annex 4.'";'Total_tp07'
'http://w3id.org/glosis/model/procedure/totalElementsProcedure';'Total_tp08';http://w3id.org/glosis/model/procedure/totalElementsProcedure-Total_tp08;'After Nitric acid attack (boiling with HNO3), colometric determination (method of Duval).. Particularly used for Total P.';"'https://www.isric.org/sites/default/files/isric_report_2014_01.pdf'	'Leenaars J.G.B., A.J.M. van Oostrum and M. Ruiperez Gonzalez, 2014. Africa Soil Profiles Database, Version 1.2. A compilation of georeferenced and standardised legacy soil profile data for Sub-Saharan Africa (with dataset). ISRIC Report 2014/01. Africa Soil Information Service (AfSIS) project and ISRIC - World Soil Information, Wageningen, the Netherlands. See Annex 4.'";'Total_tp08'
'http://w3id.org/glosis/model/procedure/totalElementsProcedure';'Total_tp09';http://w3id.org/glosis/model/procedure/totalElementsProcedure-Total_tp09;'Walker and Adams, 1958. Particularly used for Total P.';'WALKER, T. W., AND A. F. R. ADAMS. 1958. Studies on soil organic matter. I. Soil Sci. 85: 307-318. ';'Total_tp09'
'http://w3id.org/glosis/model/procedure/totalElementsProcedure';'Total_tp10';http://w3id.org/glosis/model/procedure/totalElementsProcedure-Total_tp10;'Colorimetric, unspecified extract';"'https://www.isric.org/sites/default/files/isric_report_2014_01.pdf'	'Leenaars J.G.B., A.J.M. van Oostrum and M. Ruiperez Gonzalez, 2014. Africa Soil Profiles Database, Version 1.2. A compilation of georeferenced and standardised legacy soil profile data for Sub-Saharan Africa (with dataset). ISRIC Report 2014/01. Africa Soil Information Service (AfSIS) project and ISRIC - World Soil Information, Wageningen, the Netherlands. See Annex 4.'";'Total_tp10'
'http://w3id.org/glosis/model/procedure/totalElementsProcedure';'Total_unkn';http://w3id.org/glosis/model/procedure/totalElementsProcedure-Total_unkn;'Unspecified method';"'Leenaars J.G.B., A.J.M. van Oostrum and M. Ruiperez Gonzalez, 2014. Africa Soil Profiles Database, Version 1.2. A compilation of georeferenced and standardised legacy soil profile data for Sub-Saharan Africa (with dataset). ISRIC Report 2014/01. Africa Soil Information Service (AfSIS) project and ISRIC - World Soil Information, Wageningen, the Netherlands. See Annex 4.'	'https://www.isric.org/sites/default/files/isric_report_2014_01.pdf'";'Total_unk'
'http://w3id.org/glosis/model/procedure/totalElementsProcedure';'Total_xrd';http://w3id.org/glosis/model/procedure/totalElementsProcedure-Total_xrd;'XRD';"'https://www.isric.org/sites/default/files/isric_report_2014_01.pdf'	'Leenaars J.G.B., A.J.M. van Oostrum and M. Ruiperez Gonzalez, 2014. Africa Soil Profiles Database, Version 1.2. A compilation of georeferenced and standardised legacy soil profile data for Sub-Saharan Africa (with dataset). ISRIC Report 2014/01. Africa Soil Information Service (AfSIS) project and ISRIC - World Soil Information, Wageningen, the Netherlands. See Annex 4.'";'Total_xrd'
'http://w3id.org/glosis/model/procedure/totalElementsProcedure';'Total_xrf';http://w3id.org/glosis/model/procedure/totalElementsProcedure-Total_xrf;'XRF';"'https://www.isric.org/sites/default/files/isric_report_2014_01.pdf'	'Leenaars J.G.B., A.J.M. van Oostrum and M. Ruiperez Gonzalez, 2014. Africa Soil Profiles Database, Version 1.2. A compilation of georeferenced and standardised legacy soil profile data for Sub-Saharan Africa (with dataset). ISRIC Report 2014/01. Africa Soil Information Service (AfSIS) project and ISRIC - World Soil Information, Wageningen, the Netherlands. See Annex 4.'";'Total_xrf'
'http://w3id.org/glosis/model/procedure/totalElementsProcedure';'Total_xrf-p';http://w3id.org/glosis/model/procedure/totalElementsProcedure-Total_xrf-p;'PXRF';"'Leenaars J.G.B., A.J.M. van Oostrum and M. Ruiperez Gonzalez, 2014. Africa Soil Profiles Database, Version 1.2. A compilation of georeferenced and standardised legacy soil profile data for Sub-Saharan Africa (with dataset). ISRIC Report 2014/01. Africa Soil Information Service (AfSIS) project and ISRIC - World Soil Information, Wageningen, the Netherlands. See Annex 4.'	'https://www.isric.org/sites/default/files/isric_report_2014_01.pdf'";'Total_xrf-p'
'http://w3id.org/glosis/model/procedure/totalElementsProcedure';'Total_xtf-t';http://w3id.org/glosis/model/procedure/totalElementsProcedure-Total_xtf-t;'TXRF';"'Leenaars J.G.B., A.J.M. van Oostrum and M. Ruiperez Gonzalez, 2014. Africa Soil Profiles Database, Version 1.2. A compilation of georeferenced and standardised legacy soil profile data for Sub-Saharan Africa (with dataset). ISRIC Report 2014/01. Africa Soil Information Service (AfSIS) project and ISRIC - World Soil Information, Wageningen, the Netherlands. See Annex 4.'	'https://www.isric.org/sites/default/files/isric_report_2014_01.pdf'";'Total_xtf-t'
'http://w3id.org/glosis/model/procedure/nitrogenTotalProcedure';'TotalN_bremner';http://w3id.org/glosis/model/procedure/nitrogenTotalProcedure-TotalN_bremner;'Total N (Bremner, 1965, p. 1162-1164)';"'Bremner, J. M. 1965. Total Nitrogen. In: C. A. Black (ed.) Methods of soil analysis. Part 2: Chemical and microbial properties. Number 9 in series Agronomy. American Society of Agronomy, Inc. Publisher, Madison, USA. Pp. 1049-1178'	'https://doi.org/10.2134/agronmonogr9.2.c32'";'TotalN_bremner'
'http://w3id.org/glosis/model/procedure/nitrogenTotalProcedure';'TotalN_calcul';http://w3id.org/glosis/model/procedure/nitrogenTotalProcedure-TotalN_calcul;'OC * 1.72 / 20 (gives C/N=11.6009)';"'https://www.isric.org/sites/default/files/isric_report_2014_01.pdf'	'Leenaars J.G.B., A.J.M. van Oostrum and M. Ruiperez Gonzalez, 2014. Africa Soil Profiles Database, Version 1.2. A compilation of georeferenced and standardised legacy soil profile data for Sub-Saharan Africa (with dataset). ISRIC Report 2014/01. Africa Soil Information Service (AfSIS) project and ISRIC - World Soil Information, Wageningen, the Netherlands. See Annex 4.'";'TotalN_calcul'
'http://w3id.org/glosis/model/procedure/nitrogenTotalProcedure';'TotalN_calcul-oc10';http://w3id.org/glosis/model/procedure/nitrogenTotalProcedure-TotalN_calcul-oc10;'Calculated from OrgC and C/N ratio of 10';"'https://www.isric.org/sites/default/files/isric_report_2014_01.pdf'	'Leenaars J.G.B., A.J.M. van Oostrum and M. Ruiperez Gonzalez, 2014. Africa Soil Profiles Database, Version 1.2. A compilation of georeferenced and standardised legacy soil profile data for Sub-Saharan Africa (with dataset). ISRIC Report 2014/01. Africa Soil Information Service (AfSIS) project and ISRIC - World Soil Information, Wageningen, the Netherlands. See Annex 4.'";'TotalN_calcul-oc10'
'http://w3id.org/glosis/model/procedure/nitrogenTotalProcedure';'TotalN_dc';http://w3id.org/glosis/model/procedure/nitrogenTotalProcedure-TotalN_dc;'Dry combustion';"'https://www.isric.org/sites/default/files/isric_report_2014_01.pdf'	'Leenaars J.G.B., A.J.M. van Oostrum and M. Ruiperez Gonzalez, 2014. Africa Soil Profiles Database, Version 1.2. A compilation of georeferenced and standardised legacy soil profile data for Sub-Saharan Africa (with dataset). ISRIC Report 2014/01. Africa Soil Information Service (AfSIS) project and ISRIC - World Soil Information, Wageningen, the Netherlands. See Annex 4.'";'TotalN_dc'
'http://w3id.org/glosis/model/procedure/nitrogenTotalProcedure';'TotalN_dc-ht-dumas';http://w3id.org/glosis/model/procedure/nitrogenTotalProcedure-TotalN_dc-ht-dumas;'Dry combustion at 800-1000 C celcius (Dumas method)';"'https://www.isric.org/sites/default/files/isric_report_2014_01.pdf'	'Leenaars J.G.B., A.J.M. van Oostrum and M. Ruiperez Gonzalez, 2014. Africa Soil Profiles Database, Version 1.2. A compilation of georeferenced and standardised legacy soil profile data for Sub-Saharan Africa (with dataset). ISRIC Report 2014/01. Africa Soil Information Service (AfSIS) project and ISRIC - World Soil Information, Wageningen, the Netherlands. See Annex 4.'";'TotalN_dc-ht-dumas'
'http://w3id.org/glosis/model/procedure/nitrogenTotalProcedure';'TotalN_dc-ht-leco';http://w3id.org/glosis/model/procedure/nitrogenTotalProcedure-TotalN_dc-ht-leco;'Element analyzer (LECO analyzer), Dry Combustion';"'Leenaars J.G.B., A.J.M. van Oostrum and M. Ruiperez Gonzalez, 2014. Africa Soil Profiles Database, Version 1.2. A compilation of georeferenced and standardised legacy soil profile data for Sub-Saharan Africa (with dataset). ISRIC Report 2014/01. Africa Soil Information Service (AfSIS) project and ISRIC - World Soil Information, Wageningen, the Netherlands. See Annex 4.'	'https://www.isric.org/sites/default/files/isric_report_2014_01.pdf'";'TotalN_dc-ht-leco'
'http://w3id.org/glosis/model/procedure/nitrogenTotalProcedure';'TotalN_dc-spec';http://w3id.org/glosis/model/procedure/nitrogenTotalProcedure-TotalN_dc-spec;'Spectrally measured and converted to N by dry combustion';"'https://www.isric.org/sites/default/files/isric_report_2014_01.pdf'	'Leenaars J.G.B., A.J.M. van Oostrum and M. Ruiperez Gonzalez, 2014. Africa Soil Profiles Database, Version 1.2. A compilation of georeferenced and standardised legacy soil profile data for Sub-Saharan Africa (with dataset). ISRIC Report 2014/01. Africa Soil Information Service (AfSIS) project and ISRIC - World Soil Information, Wageningen, the Netherlands. See Annex 4.'";'TotalN_dc-spec'
'http://w3id.org/glosis/model/procedure/nitrogenTotalProcedure';'TotalN_h2so4';http://w3id.org/glosis/model/procedure/nitrogenTotalProcedure-TotalN_h2so4;'H2SO4';;'TotalN_h2so4'
'http://w3id.org/glosis/model/procedure/nitrogenTotalProcedure';'TotalN_kjeldahl';http://w3id.org/glosis/model/procedure/nitrogenTotalProcedure-TotalN_kjeldahl;'Method of Kjeldahl (digestion)';"'https://en.wikipedia.org/wiki/Kjeldahl_method'	'Kjeldahl, J. (1883)ï¿½ï¿½ï¿½ï¿½ï¿½ï¿½ï¿½ï¿½ï¿½ï¿½ï¿½ï¿½ï¿½ï¿½ï¿½Neue Methode zur Bestimmung des Stickstoffs in organischen Kï¿½ï¿½ï¿½ï¿½ï¿½ï¿½rpernï¿½ï¿½ï¿½ï¿½ï¿½ï¿½ï¿½ï¿½ï¿½ï¿½ï¿½ï¿½ï¿½ï¿½ï¿½(New method for the determination";'TotalN_kjeldahl'
'http://w3id.org/glosis/model/procedure/nitrogenTotalProcedure';'TotalN_kjeldahl-nh4';http://w3id.org/glosis/model/procedure/nitrogenTotalProcedure-TotalN_kjeldahl-nh4;'Kjeldahl, and ammonia distillation';"'https://www.isric.org/sites/default/files/isric_report_2014_01.pdf'	'Leenaars J.G.B., A.J.M. van Oostrum and M. Ruiperez Gonzalez, 2014. Africa Soil Profiles Database, Version 1.2. A compilation of georeferenced and standardised legacy soil profile data for Sub-Saharan Africa (with dataset). ISRIC Report 2014/01. Africa Soil Information Service (AfSIS) project and ISRIC - World Soil Information, Wageningen, the Netherlands. See Annex 4.'";'TotalN_kjeldahl-nh4'
'http://w3id.org/glosis/model/procedure/nitrogenTotalProcedure';'TotalN_nelson';http://w3id.org/glosis/model/procedure/nitrogenTotalProcedure-TotalN_nelson;'Nelson and Sommers, 1980';"'https://doi.org/10.1093/jaoac/63.4.770'	'Darrell W Nelson, Lee E Sommers, Total Nitrogen Analysis of Soil and Plant Tissues, Journal of Association of Official Analytical Chemists, Volume 63, Issue 4, 1 July 1980, Pages 770ï¿½ï¿½ï¿";'TotalN_nelso'
'http://w3id.org/glosis/model/procedure/nitrogenTotalProcedure';'TotalN_tn04';http://w3id.org/glosis/model/procedure/nitrogenTotalProcedure-TotalN_tn04;'Dry combustion using a CN-corder and cobalt oxide or copper oxide as an oxidation accelerator (Tanabe and Araragi, 1970)';"'Leenaars J.G.B., A.J.M. van Oostrum and M. Ruiperez Gonzalez, 2014. Africa Soil Profiles Database, Version 1.2. A compilation of georeferenced and standardised legacy soil profile data for Sub-Saharan Africa (with dataset). ISRIC Report 2014/01. Africa Soil Information Service (AfSIS) project and ISRIC - World Soil Information, Wageningen, the Netherlands. See Annex 4.'	'https://www.isric.org/sites/default/files/isric_report_2014_01.pdf'";'TotalN_tn04'
'http://w3id.org/glosis/model/procedure/nitrogenTotalProcedure';'TotalN_tn06';http://w3id.org/glosis/model/procedure/nitrogenTotalProcedure-TotalN_tn06;'Continuous flow analyser after digestion with H2SO4/salicyclic acid/H2O2/Se';"'Leenaars J.G.B., A.J.M. van Oostrum and M. Ruiperez Gonzalez, 2014. Africa Soil Profiles Database, Version 1.2. A compilation of georeferenced and standardised legacy soil profile data for Sub-Saharan Africa (with dataset). ISRIC Report 2014/01. Africa Soil Information Service (AfSIS) project and ISRIC - World Soil Information, Wageningen, the Netherlands. See Annex 4.'	'https://www.isric.org/sites/default/files/isric_report_2014_01.pdf'";'TotalN_tn06'
'http://w3id.org/glosis/model/procedure/nitrogenTotalProcedure';'TotalN_tn08';http://w3id.org/glosis/model/procedure/nitrogenTotalProcedure-TotalN_tn08;'Sample digested by sulphuric acid, distillation of released ammonia, back titration against sulpuric acid';"'https://www.isric.org/sites/default/files/isric_report_2014_01.pdf'	'Leenaars J.G.B., A.J.M. van Oostrum and M. Ruiperez Gonzalez, 2014. Africa Soil Profiles Database, Version 1.2. A compilation of georeferenced and standardised legacy soil profile data for Sub-Saharan Africa (with dataset). ISRIC Report 2014/01. Africa Soil Information Service (AfSIS) project and ISRIC - World Soil Information, Wageningen, the Netherlands. See Annex 4.'";'TotalN_tn08'
'http://w3id.org/glosis/model/procedure/carbonTotalProcedure';'TotC_calcul-ic-oc';http://w3id.org/glosis/model/procedure/carbonTotalProcedure-TotC_calcul-ic-oc;'Calculated as sum of inorganic carbon and organic carbon';"'https://www.isric.org/sites/default/files/isric_report_2014_01.pdf'	'Leenaars J.G.B., A.J.M. van Oostrum and M. Ruiperez Gonzalez, 2014. Africa Soil Profiles Database, Version 1.2. A compilation of georeferenced and standardised legacy soil profile data for Sub-Saharan Africa (with dataset). ISRIC Report 2014/01. Africa Soil Information Service (AfSIS) project and ISRIC - World Soil Information, Wageningen, the Netherlands. See Annex 4.'";'TotC_calcul-ic-oc'
'http://w3id.org/glosis/model/procedure/carbonTotalProcedure';'TotC_dc-ht';http://w3id.org/glosis/model/procedure/carbonTotalProcedure-TotC_dc-ht;'Unacidified dry combustion at high temperature (950-1400 C). Total Carbon';"'https://www.isric.org/sites/default/files/isric_report_2014_01.pdf'	'Leenaars J.G.B., A.J.M. van Oostrum and M. Ruiperez Gonzalez, 2014. Africa Soil Profiles Database, Version 1.2. A compilation of georeferenced and standardised legacy soil profile data for Sub-Saharan Africa (with dataset). ISRIC Report 2014/01. Africa Soil Information Service (AfSIS) project and ISRIC - World Soil Information, Wageningen, the Netherlands. See Annex 4.'";'TotC_dc-ht'
'http://w3id.org/glosis/model/procedure/carbonTotalProcedure';'TotC_dc-ht-analyser';http://w3id.org/glosis/model/procedure/carbonTotalProcedure-TotC_dc-ht-analyser;'Unacidified dry combustion at high temperature (950-1400 C). Total Carbon (USDA-NRCS method 6A), LECO analyzer at 1140 C';'https://www.nrcs.usda.gov/Internet/FSE_DOCUMENTS/stelprdb1253872.pdf';'TotC_dc-ht-analyser'
'http://w3id.org/glosis/model/procedure/carbonTotalProcedure';'TotC_dc-ht-spec';http://w3id.org/glosis/model/procedure/carbonTotalProcedure-TotC_dc-ht-spec;'Spectrally measured and converted to Unacidified dry combustion at high temperature (950-1400 C).';"'https://www.isric.org/sites/default/files/isric_report_2014_01.pdf'	'Leenaars J.G.B., A.J.M. van Oostrum and M. Ruiperez Gonzalez, 2014. Africa Soil Profiles Database, Version 1.2. A compilation of georeferenced and standardised legacy soil profile data for Sub-Saharan Africa (with dataset). ISRIC Report 2014/01. Africa Soil Information Service (AfSIS) project and ISRIC - World Soil Information, Wageningen, the Netherlands. See Annex 4.'";'TotC_dc-ht-spec'
'http://w3id.org/glosis/model/procedure/carbonTotalProcedure';'TotC_dc-mt';http://w3id.org/glosis/model/procedure/carbonTotalProcedure-TotC_dc-mt;'Unacidified dry combustion at medium temperature (550-950 C).';"'https://www.isric.org/sites/default/files/isric_report_2014_01.pdf'	'Leenaars J.G.B., A.J.M. van Oostrum and M. Ruiperez Gonzalez, 2014. Africa Soil Profiles Database, Version 1.2. A compilation of georeferenced and standardised legacy soil profile data for Sub-Saharan Africa (with dataset). ISRIC Report 2014/01. Africa Soil Information Service (AfSIS) project and ISRIC - World Soil Information, Wageningen, the Netherlands. See Annex 4.'";'TotC_dc-mt'
'http://w3id.org/glosis/model/procedure/organicMatterProcedure';'TotHumC_unkn';http://w3id.org/glosis/model/procedure/organicMatterProcedure-TotHumC_unkn;'Total humic carbon_unknown method';"'Leenaars J.G.B., A.J.M. van Oostrum and M. Ruiperez Gonzalez, 2014. Africa Soil Profiles Database, Version 1.2. A compilation of georeferenced and standardised legacy soil profile data for Sub-Saharan Africa (with dataset). ISRIC Report 2014/01. Africa Soil Information Service (AfSIS) project and ISRIC - World Soil Information, Wageningen, the Netherlands. See Annex 4.'	'https://www.isric.org/sites/default/files/isric_report_2014_01.pdf'";'TotHumC_unk'
'http://w3id.org/glosis/model/procedure/moistureContentProcedure';'VMC_calcul-ptf';http://w3id.org/glosis/model/procedure/moistureContentProcedure-VMC_calcul-ptf;'Calculated by PTF';"'Leenaars J.G.B., A.J.M. van Oostrum and M. Ruiperez Gonzalez, 2014. Africa Soil Profiles Database, Version 1.2. A compilation of georeferenced and standardised legacy soil profile data for Sub-Saharan Africa (with dataset). ISRIC Report 2014/01. Africa Soil Information Service (AfSIS) project and ISRIC - World Soil Information, Wageningen, the Netherlands. See Annex 4.'	'https://www.isric.org/sites/default/files/isric_report_2014_01.pdf'";'VMC_calcul-ptf'
'http://w3id.org/glosis/model/procedure/moistureContentProcedure';'VMC_calcul-ptf-brookscorey';http://w3id.org/glosis/model/procedure/moistureContentProcedure-VMC_calcul-ptf-brookscorey;'Calculated by PTF of brooks - corey';"'Leenaars J.G.B., A.J.M. van Oostrum and M. Ruiperez Gonzalez, 2014. Africa Soil Profiles Database, Version 1.2. A compilation of georeferenced and standardised legacy soil profile data for Sub-Saharan Africa (with dataset). ISRIC Report 2014/01. Africa Soil Information Service (AfSIS) project and ISRIC - World Soil Information, Wageningen, the Netherlands. See Annex 4.'	'https://www.isric.org/sites/default/files/isric_report_2014_01.pdf'";'VMC_calcul-ptf-brookscorey'
'http://w3id.org/glosis/model/procedure/moistureContentProcedure';'VMC_d';http://w3id.org/glosis/model/procedure/moistureContentProcedure-VMC_d;'Volumetric moisture content in disturbed samples';"'Leenaars J.G.B., A.J.M. van Oostrum and M. Ruiperez Gonzalez, 2014. Africa Soil Profiles Database, Version 1.2. A compilation of georeferenced and standardised legacy soil profile data for Sub-Saharan Africa (with dataset). ISRIC Report 2014/01. Africa Soil Information Service (AfSIS) project and ISRIC - World Soil Information, Wageningen, the Netherlands. See Annex 4.'	'https://www.isric.org/sites/default/files/isric_report_2014_01.pdf'";'VMC_d'
'http://w3id.org/glosis/model/procedure/moistureContentProcedure';'VMC_d-cl';http://w3id.org/glosis/model/procedure/moistureContentProcedure-VMC_d-cl;'Pressure-plate extraction, disturbed -clod- samples (wt%) * density';"'https://www.isric.org/sites/default/files/isric_report_2014_01.pdf'	'Leenaars J.G.B., A.J.M. van Oostrum and M. Ruiperez Gonzalez, 2014. Africa Soil Profiles Database, Version 1.2. A compilation of georeferenced and standardised legacy soil profile data for Sub-Saharan Africa (with dataset). ISRIC Report 2014/01. Africa Soil Information Service (AfSIS) project and ISRIC - World Soil Information, Wageningen, the Netherlands. See Annex 4.'";'VMC_d-cl'
http://w3id.org/glosis/model/procedure/moistureContentProcedure';VMC_d-cl-ww';http://w3id.org/glosis/model/procedure/moistureContentProcedure-VMC_d-cl-ww;Pressure-plate extraction, disturbed -clod- samples (wt%) * density on weight/weight basis';Leenaars J.G.B., A.J.M. van Oostrum and M. Ruiperez Gonzalez, 2014. Africa Soil Profiles Database, Version 1.2. A compilation of georeferenced and standardised legacy soil profile data for Sub-Saharan Africa (with dataset). ISRIC Report 2014/01. Africa Soil Information Service (AfSIS) project and ISRIC - World Soil Information, Wageningen, the Netherlands. See Annex 4.';VMC_d-cl-ww'
'http://w3id.org/glosis/model/procedure/moistureContentProcedure';'VMC_d-ww';http://w3id.org/glosis/model/procedure/moistureContentProcedure-VMC_d-ww;'Volumetric moisture content in disturbed samples on weight/weight basis to be converted to v/v (with BD at appropriate humidity)';"'Leenaars J.G.B., A.J.M. van Oostrum and M. Ruiperez Gonzalez, 2014. Africa Soil Profiles Database, Version 1.2. A compilation of georeferenced and standardised legacy soil profile data for Sub-Saharan Africa (with dataset). ISRIC Report 2014/01. Africa Soil Information Service (AfSIS) project and ISRIC - World Soil Information, Wageningen, the Netherlands. See Annex 4.'	'https://www.isric.org/sites/default/files/isric_report_2014_01.pdf'";'VMC_d-ww'
'http://w3id.org/glosis/model/procedure/moistureContentProcedure';'VMC_ud';http://w3id.org/glosis/model/procedure/moistureContentProcedure-VMC_ud;'Undisturbed samples';"'https://www.isric.org/sites/default/files/isric_report_2014_01.pdf'	'Leenaars J.G.B., A.J.M. van Oostrum and M. Ruiperez Gonzalez, 2014. Africa Soil Profiles Database, Version 1.2. A compilation of georeferenced and standardised legacy soil profile data for Sub-Saharan Africa (with dataset). ISRIC Report 2014/01. Africa Soil Information Service (AfSIS) project and ISRIC - World Soil Information, Wageningen, the Netherlands. See Annex 4.'";'VMC_ud'
'http://w3id.org/glosis/model/procedure/moistureContentProcedure';'VMC_ud-cl';http://w3id.org/glosis/model/procedure/moistureContentProcedure-VMC_ud-cl;'Natural clod';"'Leenaars J.G.B., A.J.M. van Oostrum and M. Ruiperez Gonzalez, 2014. Africa Soil Profiles Database, Version 1.2. A compilation of georeferenced and standardised legacy soil profile data for Sub-Saharan Africa (with dataset). ISRIC Report 2014/01. Africa Soil Information Service (AfSIS) project and ISRIC - World Soil Information, Wageningen, the Netherlands. See Annex 4.'	'https://www.isric.org/sites/default/files/isric_report_2014_01.pdf'";'VMC_ud-cl'
'http://w3id.org/glosis/model/procedure/moistureContentProcedure';'VMC_ud-co';http://w3id.org/glosis/model/procedure/moistureContentProcedure-VMC_ud-co;'Volumetric moisture content in undisturbed samples (pF rings cores)';"'https://www.isric.org/sites/default/files/isric_report_2014_01.pdf'	'Leenaars J.G.B., A.J.M. van Oostrum and M. Ruiperez Gonzalez, 2014. Africa Soil Profiles Database, Version 1.2. A compilation of georeferenced and standardised legacy soil profile data for Sub-Saharan Africa (with dataset). ISRIC Report 2014/01. Africa Soil Information Service (AfSIS) project and ISRIC - World Soil Information, Wageningen, the Netherlands. See Annex 4.'";'VMC_ud-co'
